Workbook

Sheet RM
C1: Colum O to T should only Be Copied for Purchase Order | F1: 34
A2: Sl No. | B2: whether LifeBuoy? | C2: RAW MATERIAL NAME | D2: SAS Part Number | E2: OEM Part Number | F2: UNIT OF MEASURE | G2: SUPPLIER | H2: SAIFSEAS LIFE Final Assy (FG)
B3: A
A4: =IF(C4<>"",COUNTA($C$4:C4),"") -> 1 | B4: A | C4: Transmitter with Receiver Module 2.4G0.9k | D4: RAD-TRR-QX71W915 | E4: Robu-866205 | F4: Number | G4: Robu
A5: =IF(C5<>"",COUNTA($C$4:C5),"") -> 2 | B5: A | C5: Receiver Module R9MM (R9MM will come July25)/R9Mini | D5: RAD-TRR-R9MI1W915 | E5: Robu-866205 | F5: Number | G5: Robu
A6: =IF(C6<>"",COUNTA($C$4:C6),"") -> 3 | B6: A | C6: Free Wheel Diode SMD M7 | D6: SIC-DIO-M7-v100i1 | E6: Robu-597541 | F6: Number | G6: Robu
A7: =IF(C7<>"",COUNTA($C$4:C7),"") -> 4 | B7: A | C7: Schottky Diode SS310 100v1A | D7: SIC-DIO-SS310-v100i1 | E7: Robu-R193145 | F7: Number | G7: Robu
A8: =IF(C8<>"",COUNTA($C$4:C8),"") -> 5 | B8: A | C8: Voltage Regulator AMS1117 5.0v | D8: SIC-REG-AMS1117-5v | E8: Robu-162035 | F8: Number | G8: Robu
A9: =IF(C9<>"",COUNTA($C$4:C9),"") -> 6 | C9: GPS Module NEO-6M | D9: MOD-GNS-NEO6M | E9: Neo-6M | F9: Number | G9: Roland
A10: =IF(C10<>"",COUNTA($C$4:C10),"") -> 7 | B10: A | C10: GPS Module LC86L | D10: MOD-GNS-LC86L | E10: LC86L | F10: Number | G10: Roland
A11: =IF(C11<>"",COUNTA($C$4:C11),"") -> 8 | C11: GPS Module Here3+ | D11: MOD-GNS-LC86L | E11: Here3+ | F11: Number | G11: Gadgets Deal
A12: =IF(C12<>"",COUNTA($C$4:C12),"") -> 9 | C12: GPS Module BX992 Trimble | D12: MOD-GNS-BX992 | E12: BX992 | F12: Number | G12: Pan India Consultants
A13: =IF(C13<>"",COUNTA($C$4:C13),"") -> 10 | B13: A | C13: Bullet Connector Female 5.5mm | D13: CON-BUL-55F | E13: HV130 | F13: Number | G13: Hobbywing
A14: =IF(C14<>"",COUNTA($C$4:C14),"") -> 11 | B14: A | C14: Bullet Connector Male 4mm AMASS | D14: CON-BUL-4M | E14: Robu-239973 | F14: Number | G14: Robu
A15: =IF(C15<>"",COUNTA($C$4:C15),"") -> 12 | B15: A | C15: Bullet Connector Female 4mm AMASS | D15: CON-BUL-4F | E15: Robu-R150111 | F15: Number | G15: Robu
A16: =IF(C16<>"",COUNTA($C$4:C16),"") -> 13 | B16: A | C16: Bullet Connector Male 2mm AMASS | D16: CON-BUL-2M | E16: Robu-R150108 | F16: Number | G16: Robu
A17: =IF(C17<>"",COUNTA($C$4:C17),"") -> 14 | B17: A | C17: Bullet Connector Female 2mm AMASS | D17: CON-BUL-2F | E17: Robu-R150107 | F17: Number | G17: Robu
A18: =IF(C18<>"",COUNTA($C$4:C18),"") -> 15 | B18: A | C18: Bullet Connector Male 6mm XT-150 AMASS | D18: CON-BUL-6M | E18: Robu-239520 | F18: Number | G18: Robu
A19: =IF(C19<>"",COUNTA($C$4:C19),"") -> 16 | B19: A | C19: Bullet Connector Female 6mm XT-150 AMASS | D19: CON-BUL-6F | E19: Robu-239593 | F19: Number | G19: Robu
A20: =IF(C20<>"",COUNTA($C$4:C20),"") -> 17 | B20: A | C20: Bullet Connector Male 8mm AMASS | D20: CON-BUL-8M | E20: Robu-239739 | F20: Number | G20: Robu
A21: =IF(C21<>"",COUNTA($C$4:C21),"") -> 18 | B21: A | C21: Bullet Connector Female 8mm AMASS | D21: CON-BUL-8F | E21: Robu-239757 | F21: Number | G21: Robu
A22: =IF(C22<>"",COUNTA($C$4:C22),"") -> 19 | B22: A | C22: Cable - Ultra Flexible - Black 8AWG | D22: CAB-SIL-BLACK8AWG | E22: Robu-R151637 | F22: Meter | G22: Robu
A23: =IF(C23<>"",COUNTA($C$4:C23),"") -> 20 | B23: A | C23: Cable - Ultra Flexible - Red 8AWG | D23: CAB-SIL-RED8AWG | E23: Robu-R151638 | F23: Meter | G23: Robu
A24: =IF(C24<>"",COUNTA($C$4:C24),"") -> 21 | B24: A | C24: Cable - Ultra Flexible - Black 10AWG | D24: CAB-SIL-BLACK10AWG | F24: Meter | G24: Robu
A25: =IF(C25<>"",COUNTA($C$4:C25),"") -> 22 | B25: A | C25: Cable - Ultra Flexible - Red 10AWG | D25: CAB-SIL-RED10AWG | F25: Meter | G25: Robu
A26: =IF(C26<>"",COUNTA($C$4:C26),"") -> 23 | B26: A | C26: Cable - Ultra Flexible - Black 12AWG | D26: CAB-SIL-BLACK12AWG | E26: Robu-1824981 | F26: Meter | G26: Robu
A27: =IF(C27<>"",COUNTA($C$4:C27),"") -> 24 | B27: A | C27: Cable - Ultra Flexible - Red 12AWG | D27: CAB-SIL-RED12AWG | E27: Robu-1824982 | F27: Meter | G27: Robu
A28: =IF(C28<>"",COUNTA($C$4:C28),"") -> 25 | B28: A | C28: Cable - Ultra Flexible - Black 18 AWG | D28: CAB-SIL-BLACK18AWG | F28: Meter | G28: Robu
A29: =IF(C29<>"",COUNTA($C$4:C29),"") -> 26 | C29: Cable - Ultra Flexible - Red 18 AWG | D29: CAB-SIL-RED18AWG | F29: Meter | G29: Robu
C30: Cable - Ultra Flexible - Green 18 AWG | D30: CAB-SIL-GREEN18AWG
A31: =IF(C31<>"",COUNTA($C$4:C31),"") -> 28 | B31: A | C31: Cable - Ultra Flexible - Black 20 AWG | D31: CAB-SIL-BLACK20AWG | E31: Robu-1824989 | F31: Meter | G31: Robu
A32: =IF(C32<>"",COUNTA($C$4:C32),"") -> 29 | C32: Cable - Ultra Flexible - Green 20 AWG | D32: CAB-SIL-GREEN20AWG | F32: Meter | G32: Robu
A33: =IF(C33<>"",COUNTA($C$4:C33),"") -> 30 | B33: A | C33: Cable - Ultra Flexible Red 20 AWG | D33: CAB-SIL-RED20AWG | E33: Robu-1824992 | F33: Meter | G33: Robu
A34: =IF(C34<>"",COUNTA($C$4:C34),"") -> 31 | C34: Cable - Ultra Flexible Blue 20 AWG | D34: CAB-SIL-BLUE20AWG | E34: Robu-1824990 | F34: Meter | G34: Robu
A35: =IF(C35<>"",COUNTA($C$4:C35),"") -> 32 | C35: Water flow Sensor YFS401 | D35: SEN-WFL-YFS401v5 | E35: YFS401 | F35: Number | G35: Roland
A36: =IF(C36<>"",COUNTA($C$4:C36),"") -> 33 | C36: Water Pump 550 Diaphragm | D36: ACT-PMP-DIA550 | E36: 550 DIAPHRAGM | F36: Number | G36: Robu
A37: =IF(C37<>"",COUNTA($C$4:C37),"") -> 34 | C37: Battery Indicator - 1S Lipo | D37: IND-LIP-1S | F37: Number | G37: Robu
A38: =IF(C38<>"",COUNTA($C$4:C38),"") -> 35 | C38: Battery Indicator - 2S Lipo | D38: IND-LIP-2S | F38: Number | G38: Robu
A39: =IF(C39<>"",COUNTA($C$4:C39),"") -> 36 | C39: Lipo Indicator Casings | D39: IND-LIP-CASING | F39: Number | G39: Robu
A40: =IF(C40<>"",COUNTA($C$4:C40),"") -> 37 | C40: Buck Converter Module XL7015 50v | D40: MOD-BUK-XL7015v80i07 | E40: XL7015 | F40: Number | G40: Robu
A41: =IF(C41<>"",COUNTA($C$4:C41),"") -> 38 | B41: A | C41: Buck Coverter Module LM2596HVS | D41: MOD-BUK-LM2596HVSv48i2 | E41: Robu-766328 | F41: Number | G41: Robu
A42: =IF(C42<>"",COUNTA($C$4:C42),"") -> 39 | C42: Buck Converter Module XL4005 5A | D42: MOD-BUK-XL4005v40i5 | E42: XL4015 | F42: Number | G42: Robu
A43: =IF(C43<>"",COUNTA($C$4:C43),"") -> 40 | B43: A | C43: Buck Converter Module XL4015 5A | D43: MOD-BUK-XL4015v40i5 | E43: Robu-1510171 | F43: Number | G43: Robu
A44: =IF(C44<>"",COUNTA($D$4:D43),"") -> 40 | C44: Connector - AS150u Female AMASS | D44: CON-BTC-AS150uF | E44: Robu-1395034 | F44: Number | G44: Robu
A45: =IF(C45<>"",COUNTA($D$4:D45),"") -> 42 | C45: Connector - AS150u Male AMASS | D45: CON-BTC-AS150uM | E45: Robu-1432427 | F45: Number | G45: Robu
A46: =IF(C46<>"",COUNTA($C$4:C46),"") -> 43 | B46: A | C46: Connector - XT90 Female AMASS | D46: CON-BTC-XT90F | E46: Robu-24729 | F46: Number | G46: Robu
A47: =IF(C47<>"",COUNTA($C$4:C47),"") -> 44 | C47: Connector - XT90 Male | D47: CON-BTC-XT90M | F47: Number | G47: Robu
A48: =IF(C48<>"",COUNTA($C$4:C48),"") -> 45 | C48: Connector - XT30 Female AMASS | D48: CON-BTC-XT30F | E48: Robu-875060 | F48: Number | G48: Robu
A49: =IF(C49<>"",COUNTA($C$4:C49),"") -> 46 | C49: Connector - XT30 Male AMASS | D49: CON-BTC-XT30M | E49: Robu-875061 | F49: Number | G49: Robu
A50: =IF(C50<>"",COUNTA($C$4:C50),"") -> 47 | C50: Connector - XT60 Female AMASS | D50: CON-BTC-XT60F | F50: Number | G50: Robu
A51: =IF(C51<>"",COUNTA($C$4:C51),"") -> 48 | C51: Connector - XT60 Male AMASS | D51: CON-BTC-XT60M | F51: Number | G51: Robu
A52: =IF(C52<>"",COUNTA($C$4:C52),"") -> 49 | C52: Connector - MT30 Female | D52: CON-BTC-MT30F | F52: Number | G52: Robu
A53: =IF(C53<>"",COUNTA($C$4:C53),"") -> 50 | B53: A | C53: Converter AC/DC - 24v | D53: MOD-HLK-W20v24i08 | E53: HLK-20M24 | F53: Number | G53: Rajguru
A54: =IF(C54<>"",COUNTA($C$4:C54),"") -> 51 | C54: Momentary Switch JCB | D54: SWI-PUS-MS16MM-PM-16MM | F54: Number | G54: RR Innovations
A55: =IF(C55<>"",COUNTA($C$4:C55),"") -> 52 | C55: Latching Power Switch JCB | D55: SWI-PUS-LS16MM-PM-16MM | F55: Number | G55: RR Innovations
A56: =IF(C56<>"",COUNTA($C$4:C56),"") -> 53 | C56: PCB for IFU | D56: PCB-IFU | F56: Number | G56: JLC
A57: =IF(C57<>"",COUNTA($C$4:C57),"") -> 54 | C57: PCB for JCB | D57: PCB-AMCA | F57: Number | G57: JLC
A58: =IF(C58<>"",COUNTA($C$4:C58),"") -> 55 | B58: A | C58: PCB of STBD flash light | D58: PCB-STBD-FLASH | F58: Number | G58: JLC
A59: =IF(C59<>"",COUNTA($C$4:C59),"") -> 56 | B59: A | C59: PCB of PORT flash light | D59: PCB-PORT-FLASH | F59: Number | G59: JLC
A60: =IF(C60<>"",COUNTA($C$4:C60),"") -> 57 | B60: A | C60: PCB of A4 Motherboard/A42 Motherboard | D60: PCB-A4MEGA328P-MUR | F60: Number | G60: JLC
A61: =IF(C61<>"",COUNTA($C$4:C61),"") -> 58 | B61: A | C61: PCB of Current Sensor | D61: PCB-CUR-SENSOR | F61: Number | G61: JLC
A62: =IF(C62<>"",COUNTA($C$4:C62),"") -> 59 | B62: A | C62: PWB of Button -2 | D62: PCB-QX7-BUTTON | F62: Number | G62: JLC
A63: =IF(C63<>"",COUNTA($C$4:C63),"") -> 60 | B63: A | C63: PWB for PC Inside Charger with XL4015 buck | D63: PCB-X16-XL4015-CHARGER | F63: Number | G63: JLC
A64: =IF(C64<>"",COUNTA($C$4:C64),"") -> 61 | C64: PWB for Bathemetry Sensor | D64: PCB-BATHEMETRY | F64: Number | G64: JLC
A65: =IF(C65<>"",COUNTA($C$4:C65),"") -> 62 | C65: General PCB 6x4 | D65: PCB-GEN6x4-P2054 | F65: Number | G65: Roland
A66: =IF(C66<>"",COUNTA($C$4:C66),"") -> 63 | C66: General PCB 4X4 | D66: PCB-GEN4x4-P2054 | F66: Number | G66: Roland
A67: =IF(C67<>"",COUNTA($C$4:C67),"") -> 64 | C67: PCB of ROHM Buck on Murata Foot Print | F67: Number | G67: JLC
A68: =IF(C68<>"",COUNTA($C$4:C68),"") -> 65 | B68: A | C68: PCB of MP9486 on XL7015 FootPrint | D68: PCB-XL7015FOOT-MP9486 | F68: Number | G68: JLC
A69: =IF(C69<>"",COUNTA($C$4:C69),"") -> 66 | C69: AMCA Onboard Charging Circuit | D69: PCB-ONBOARD-CHARGING | F69: Number | G69: JLC
A70: =IF(C70<>"",COUNTA($C$4:C70),"") -> 67 | C70: SBus Generator Circuit (Tailored Solution) | D70: PCB-SBUS-NANO | F70: Number | G70: JLC
A71: =IF(C71<>"",COUNTA($C$4:C71),"") -> 68 | B71: A | C71: WCS1700 CT Coil current Sensor | D71: SEN-CUR-WCS1700-CTi35 | F71: Number | G71: Evelta
A72: =IF(C72<>"",COUNTA($C$4:C72),"") -> 69 | B72: A | C72: 21700 Cell Holder 1x3 21.2mm bore | D72: PWR-CELL-HOLDER-1x3-21700-21.2MM | F72: Number | G72: Quartz Components
A73: =IF(C73<>"",COUNTA($C$4:C73),"") -> 70 | B73: A | C73: Lithium Ion Battery Block 6X3 with Samsung 50S 21700 | D73: PWR-BLK-6x3-50S | E73: 50S | F73: Number | G73: Ampower India
A74: =IF(C74<>"",COUNTA($C$4:C74),"") -> 71 | C74: Lithium Ion Battery Block 6X3 with Samsung 40T 21700 | D74: PWR-BLK-6x3-40T | E74: 40T | F74: Number | G74: Ampower India
A75: =IF(C75<>"",COUNTA($C$4:C75),"") -> 72 | C75: Lithium Ion Battery Block 6X3 with Molicel P42A 21700 | D75: PWR-BLK-6x3-P42A | E75: P42A | F75: Number | G75: Ampower India
A76: =IF(C76<>"",COUNTA($C$4:C76),"") -> 73 | B76: A | C76: Lithium Ion Cell Samsung 21700 50S | D76: PWR-BAR-2170-50S | F76: Number | G76: Ampower India
A77: =IF(C77<>"",COUNTA($C$4:C77),"") -> 74 | C77: Lithium Ion Cell Samsung 21700 40T | D77: PWR-BAR-2170-40T | F77: Number | G77: Ampower India
A78: =IF(C78<>"",COUNTA($C$4:C78),"") -> 75 | C78: Lithium Ion Cell Molicell 21700 P42A | D78: PWR-BAR-2170-P42A | F78: Number | G78: Ampower India
A79: =IF(C79<>"",COUNTA($C$4:C79),"") -> 76 | C79: Lithium Ion Cell 18650 LG-MJ1 | D79: PWR-BAR-1865-MJ1 | F79: Number | G79: Ampower India
A80: =IF(C80<>"",COUNTA($C$4:C80),"") -> 77 | C80: Lithium Ion Cell Holder 18650 SMD | D80: PWR-CELL-HOLDER-SMD-18650 | F80: Number | G80: Robu
A81: =IF(C81<>"",COUNTA($C$4:C81),"") -> 78 | C81: Cable USB Data & Charging Cable 1m | D81: CAB-USB-1i5M24AWG | F81: Number | G81: Roland
A82: =IF(C82<>"",COUNTA($C$4:C82),"") -> 79 | C82: Jack - DC 5.5mm Panel Mount | D82: CON-MIS-DCJACK-PM-505MM | F82: Number | G82: Roland
A83: =IF(C83<>"",COUNTA($C$4:C83),"") -> 80 | B83: A | C83: Lead Paste | D83: SOL-PAS-6040-ROHS | F83: Grm | G83: Roland
A84: =IF(C84<>"",COUNTA($C$4:C84),"") -> 81 | B84: A | C84: Lead Wire 22AWG | D84: SOL-WIR-6040-ROHS-22AWG | F84: grm | G84: Roland
A85: =IF(C85<>"",COUNTA($C$4:C85),"") -> 82 | B85: A | C85: Voltage Regulator 3.3v SOT-223-4 | D85: SIC-REG-AMS1117-33v | E85: LD1117S33CTR | F85: Number | G85: Seutes
A86: =IF(C86<>"",COUNTA($C$4:C86),"") -> 83 | C86: Heat Sink Pad 2mm Thickness | D86: HET-PAD-SIL-2MM-1W | E86: MPGCS-020-150-1.0AA | F86: Sheet | G86: Seutes
A87: =IF(C87<>"",COUNTA($C$4:C87),"") -> 84 | B87: A | C87: Heat Sink Pad 1mm Thickness | D87: HET-PAD-SIL-1MM-1W | E87: MPGCS-020-150-1.0AA | F87: Sheet | G87: Seutes
A88: =IF(C88<>"",COUNTA($C$4:C88),"") -> 85 | B88: A | C88: Comparator IC - LM358DT SMD | D88: SIC-COM-LM358DT | E88: LM358DT | F88: Number | G88: Seutes
A89: =IF(C89<>"",COUNTA($C$4:C89),"") -> 86 | B89: A | C89: Capacitor 0.1uF 0805 | D89: CAP-SMD-0805-100V10P-0D1uF | E89: 0805B104K101CT | F89: Number | G89: Seutes
A90: =IF(C90<>"",COUNTA($C$4:C90),"") -> 87 | B90: A | C90: Capacitor 0.01uF 0805 | D90: CAP-SMD-0805-100V10P-0D01uF | E90: C0805C103K1RACTU | F90: Number | G90: Seutes
A91: =IF(C91<>"",COUNTA($C$4:C91),"") -> 88 | B91: A | C91: LED 0805 SMD | D91: IND-SMD-2D2v-RED | E91: KPTD-2012LVSURCK | F91: Number | G91: Seutes
A92: =IF(C92<>"",COUNTA($C$4:C92),"") -> 89 | B92: A | C92: SSR-SPDT - TS5A3157DBVR | D92: SIC-SSR-TS5A3157DBVR | E92: TS5A3157DBVR | F92: Number | G92: Seutes
A93: =IF(C93<>"",COUNTA($C$4:C93),"") -> 90 | C93: Tactile Switch for IFU four leg | D93: SWI-PUS-THT-4LEG | E93: KSR231G LFS | F93: Number | G93: Seutes
A94: =IF(C94<>"",COUNTA($C$4:C94),"") -> 91 | C94: LM2596HVS-ADJ Buck only IC | D94: SIC-BUK-LM2596HVS-ADJ-50v3A | E94: LM2596HVS-ADJ | F94: Number | G94: Seutes
A95: =IF(C95<>"",COUNTA($C$4:C95),"") -> 92 | B95: A | C95: MP9486AGN-Z 100v Buck converter IC | D95: SIC-BUK-MP9486AGN-Z-100v1A | E95: MP9486AGN-Z | F95: Number | G95: Seutes
A96: =IF(C96<>"",COUNTA($C$4:C96),"") -> 93 | C96: 12v Fixed Buck 18-75 In MultiCom Pro | D96: DCC-BUK-MPRB4812LD-30W-v12i2D5 | E96: MPRB4812LD-30W | F96: Number | G96: Seutes
A97: =IF(C97<>"",COUNTA($C$4:C97),"") -> 94 | C97: 5v Fixed Buck 18-75 In MultiCom Pro | D97: DCC-BUK-MPRB4812LD-30W-v5i6 | E97: MPRB4805LD-30W | F97: Number | G97: Seutes
A98: =IF(C98<>"",COUNTA($C$4:C98),"") -> 95 | B98: A | C98: 1N4148 SMD | D98: SIC-DIO-1N4148-100V1A | E98: 1N4148W-7-F | F98: Number | G98: Seutes
A99: =IF(C99<>"",COUNTA($C$4:C99),"") -> 96 | B99: A | C99: 18pF 0805 capacitor | D99: CAP-SMD-0805-50V5P-18pF | E99: MC0805N180J500CT | F99: Number | G99: Seutes
A100: =IF(C100<>"",COUNTA($C$4:C100),"") -> 97 | C100: 10uF 0805 capacitor | D100: CAP-SMD-0805-16V10P-10uF | F100: Number | G100: Seutes
...

Sheet 37-Self Rightening Assy
A1: Sl No. | B1: whether LifeBuoy? | C1: RAW MATERIAL NAME | D1: SAS Part Number | E1: OEM Part Number | F1: UNIT OF MEASURE | G1: SUPPLIER | H1: Self Rightening Assy
A2: 246 | B2: A | C2: SaifSeasLife Self Righting Structure | D2: FAB-ROT-SRSTRUCT-ORANGE | F2: Number | G2: Vinod Rai | H2: 1
A3: 247 | B3: A | C3: SaifSeasLife Self Righting Pillow | D3: FAB-ROT-SRPILLOW-ORANGE | F3: Number | G3: Vinod Rai | H3: 1
A4: 369 | B4: A | C4: Bolt Allen Head M6x150 SS 304 - SR Pillow & Structure | D4: FAS-BLT-ALN-6M150M-HX-304SS | F4: Number | G4: Dynamic Industrial Supplier | H4: 4
A5: 370 | B5: A | C5: Nut Nylock M6 SS 304 - SR Pillow & Structure | D5: FAS-NUT-6M-NYL-304SS | F5: Number | G5: Dynamic Industrial Supplier | H5: 4
A6: 438 | B6: A | C6: Sealant Teroson MS930 | D6: SLN-SMP-MS930-400ML | F6: ml | G6: Innovine Tech Marketing PVt. Ltd. | H6: 10
A7: 450 | B7: A | C7: RR Tape | D7: MAC-ADH-TAPE-RR | F7: Meter | G7: Local Market | H7: 5
A8: 514 | B8: A | C8: BPSPLB - Self Righting Pillow Caps 3D Printed | D8: FAB-3DP-PILCAP-SSLIFE | F8: Number | G8: In-house | H8: 4

Sheet 36-ESC Assy
A1: Sl No. | B1: whether LifeBuoy? | C1: RAW MATERIAL NAME | D1: SAS Part Number | E1: OEM Part Number | F1: UNIT OF MEASURE | G1: SUPPLIER | H1: ESC Assy
A2: 18 | B2: A | C2: Bullet Connector Female 8mm AMASS | D2: CON-BUL-8F | E2: Robu-239757 | F2: Number | G2: Robu | H2: 3
A3: 539 | B3: A | C3: Electronic Speed Controller - HV130 ESC | D3: MOD-ESC-HV130 | E3: HV 130 | F3: Number | G3: Hobbywing | H3: 1

Sheet 35-Charger Panel Assy
A1: Sl No. | B1: whether LifeBuoy? | C1: RAW MATERIAL NAME | D1: SAS Part Number | E1: OEM Part Number | F1: UNIT OF MEASURE | G1: SUPPLIER | H1: Charger Panel Assy
A2: 218 | B2: A | C2: 12 Core Wire 14/38 | D2: CAB-MCO-12C14/38LENChetan | F2: Meter | G2: Cable Fort | H2: 0.2
A3: 308 | B3: A | C3: Washer Plain M3x10x1 SS 304 - Charger Panel | D3: FAS-WAS-PWS-3M10M1M-304SS | F3: Number | G3: Dynamic Industrial Supplier | H3: 4
A4: 309 | B4: A | C4: M3x10 CSK | F4: Number | G4: Dynamic Industrial Supplier | H4: 16
A5: 353 | B5: A | C5: Nut Square M3 SS 304 - Charger panel | D5: FAS-NUT-3M-SQR-304SS | F5: Number | G5: Dynamic Industrial Supplier | H5: 4
A6: 354 | B6: A | C6: M3 Hex Nuts - Charger | D6: FAS-NUT-3M-HEX-SS304 | F6: Number | G6: Dynamic Industrial Supplier | H6: 12
A7: 438 | B7: A | C7: Sealant Teroson MS930 | D7: SLN-SMP-MS930-400ML | F7: ml | G7: Innovine Tech Marketing PVt. Ltd. | H7: 5
A8: 529 | B8: A | C8: Charger - Panel Pillar Spacer 3D Print | D8: FAB-3DP-X16-EXT-PILLER | F8: Number | G8: In House | H8: 2

Sheet 34-Charger power module Assy
A1: Sl No. | B1: whether LifeBuoy? | C1: RAW MATERIAL NAME | D1: SAS Part Number | E1: OEM Part Number | F1: UNIT OF MEASURE | G1: SUPPLIER | H1: Charger power module Assy
B2: A | H2: 34
A3: 40 | B3: A | C3: Buck Converter Module XL4015 5A | D3: MOD-BUK-XL4015v40i5 | E3: Robu-1510171 | F3: Number | G3: Robu | H3: 1
A4: 50 | B4: A | C4: Converter AC/DC - 24v | D4: MOD-HLK-W20v24i08 | E4: HLK-20M24 | F4: Number | G4: Rajguru | H4: 1
A5: 60 | B5: A | C5: PWB for PC Inside Charger with XL4015 buck | D5: PCB-X16-XL4015-CHARGER | F5: Number | G5: JLC | H5: 1
A6: 221 | B6: A | C6: 6 Core Wire 14/38 | D6: CAB-MCO-6C14/38LENChetan | F6: Meter | G6: Cable Fort | H6: 0.2

Sheet 33-Charger PM Assy
A1: Sl No. | B1: whether LifeBuoy? | C1: RAW MATERIAL NAME | D1: SAS Part Number | E1: OEM Part Number | F1: UNIT OF MEASURE | G1: SUPPLIER | H1: Charger PM Assy
B2: A | H2: 33
A3: 28 | B3: A | C3: Cable - Ultra Flexible - Black 20 AWG | D3: CAB-SIL-BLACK20AWG | E3: Robu-1824989 | F3: Meter | G3: Robu | H3: 0.3
A4: 30 | B4: A | C4: Cable - Ultra Flexible Red 20 AWG | D4: CAB-SIL-RED20AWG | E4: Robu-1824992 | F4: Meter | G4: Robu | H4: 0.3
A5: 43 | B5: A | C5: Connector - XT90 Female AMASS | D5: CON-BTC-XT90F | E5: Robu-24729 | F5: Number | G5: Robu | H5: 1
A6: 81 | B6: A | C6: Lead Wire 22AWG | D6: SOL-WIR-6040-ROHS-22AWG | F6: grm | G6: Roland | H6: 5
A7: 200 | B7: A | C7: Cable Balancing Microfit | D7: CAB-BAL-MFIT20CM20WGISDT | F7: Number | G7: Shenzen ISD Technology | H7: 1
A8: 283 | B8: A | C8: Connector Circular Socket Clip Lock PM Male LP24 24 Pin | D8: CON-CRS-LP24PF-PM-M24PL67 | E8: LP24-C24SX-03-401 | F8: Number | G8: Evelta | H8: 1
A9: 428 | B9: A | C9: HeatShrink Tube 2mm | D9: SLN-STB-2.0M-4X-BK | F9: Meter | G9: Robu | H9: 20

Sheet 32-IP Remote Charging Cable Ass
A1: Sl No. | B1: whether LifeBuoy? | C1: RAW MATERIAL NAME | D1: SAS Part Number | E1: OEM Part Number | F1: UNIT OF MEASURE | G1: SUPPLIER | H1: IP Remote Charging Cable Assy
A2: 78 | C2: Cable USB Data & Charging Cable 1m | D2: CAB-USB-1i5M24AWG | F2: Number | G2: Roland | H2: 1
A3: 275 | B3: A | C3: Connector Circular Push Pull CM Male SA12 9pin | D3: CON-CRC-SA12PF-CM-M9AL67-ST | E3: SA1210/P9IB | F3: Number | G3: Weipu | H3: 1
A4: 427 | B4: A | C4: HeatShrink Tube 1.5mm/1.6mm | D4: SLN-STB-1.6M-4X-BK | F4: cm | G4: Suzhou Volsun Electronics Technology | H4: 4

Sheet 31-IP Remote Charging PM
A1: Sl No. | B1: whether LifeBuoy? | C1: RAW MATERIAL NAME | D1: SAS Part Number | E1: OEM Part Number | F1: UNIT OF MEASURE | G1: SUPPLIER | H1: IP Remote Charging PM
B2: A | H2: 31
A3: 276 | B3: A | C3: Connector Circular Push Pull PM Female SA12 9pin | D3: CON-CRC-SA12PF-PM-F9AL67-ST | E3: SA1212/S9B | F3: Number | G3: Weipu | H3: 1
A4: 427 | B4: A | C4: HeatShrink Tube 1.5mm/1.6mm | D4: SLN-STB-1.6M-4X-BK | F4: cm | G4: Suzhou Volsun Electronics Technology | H4: 10

Sheet 30-Charging Cable Assy
A1: Sl No. | B1: whether LifeBuoy? | C1: RAW MATERIAL NAME | D1: SAS Part Number | E1: OEM Part Number | F1: UNIT OF MEASURE | G1: SUPPLIER | H1: Charging Cable Assy
A2: 216 | B2: A | C2: 20 Core Wire 14/38 | D2: CAB-MCO-20C14/38LENChetan | F2: Meter | G2: Cable Fort | H2: 1.25
A3: 273 | B3: A | C3: Connector Circular CM Metal Male WY-28 | D3: CON-CRC-WY28BY-CM-M26AL67-RA | E3: WY28J26TE1 | F3: Number | G3: Weipu | H3: 1
A4: 282 | B4: A | C4: Connector Circular Plug Clip Lock CM Female LP24 24-Pin | D4: CON-CRS-LP24PF-CM-F24PL67-ST | E4: LP24-J24PE-01-001 | F4: Number | G4: Evelta | H4: 1
A5: 427 | B5: A | C5: HeatShrink Tube 1.5mm/1.6mm | D5: SLN-STB-1.6M-4X-BK | F5: cm | G5: Suzhou Volsun Electronics Technology | H5: 20

Sheet 28-Jet body Assy STBD
A1: Sl No. | B1: whether LifeBuoy? | C1: RAW MATERIAL NAME | D1: SAS Part Number | E1: OEM Part Number | F1: UNIT OF MEASURE | G1: SUPPLIER | H1: Jet body Assy STBD
A2: 359 | B2: A | C2: Grub Screws M5x5 SS304 | D2: FAS-GRB-4M5M-HX-304SS | F2: Number | G2: Dynamic Industrial Supplier | H2: 2
A3: 457 | C3: Greasing Nipple M5 | F3: Number | G3: Taha HAjee | H3: 2
A4: 459 | B4: A | C4: I52 Jet Nozzles CW used on STBD side NEW | G4: Bagnan | H4: 1
A5: 461 | B5: A | C5: I52 Jet Stator CW (STBD) NEW | G5: Bagnan | H5: 1
A6: 463 | B6: A | C6: I52 Jet Impeller CW (STBD) NEW | G6: Bagnan | H6: 1
A7: 465 | B7: A | C7: I52 Impeller Shaft | G7: Bagnan | H7: 1
A8: 466 | B8: A | C8: I52 Shaft with Teflon Bush 7mm | G8: Bagnan | H8: 1
A9: 467 | B9: A | C9: Self Aligning Bearing IJK-108 | D9: MAC-BEARING-IJK108 | G9: Local Market Kolkata | H9: 2
A10: 468 | B10: A | C10: Jet S52 - Aluminium Spacer No. 1 (0.9mm) | D10: FAB-MCN-S52-SPACER09 | G10: Bagnan | H10: 1
A11: 469 | B11: A | C11: Jet S52 - Aluminium Greasing Spacer | D11: FAB-MCN-S52-SPACERMID | G11: Bagnan | H11: 1
A12: 470 | B12: A | C12: Jet S52 - Aluminium Spacer No. 2 (5.5mm) | D12: FAB-MCN-S52-SPACER5.5 | G12: Bagnan | H12: 1
A13: 471 | B13: A | C13: Oil Seal Jet 10-18-6 | D13: MAC-OILSEAS-10-18-6 | G13: Local Market Kolkata | H13: 1
A14: 472 | B14: A | C14: Oil Seal Stator 7-16-5 | D14: MAC-OILSEAS-7-16-5 | G14: Local Market Kolkata | H14: 1
A15: 476 | B15: A | C15: Circlip Jet 22mm | D15: MAC-CIRCLIP-22MM-SS | G15: Local Market Kolkata | H15: 1
A16: 656 | B16: A | C16: QC Sticker | F16: Number | G16: Local Market | H16: 1

Sheet 27-Jet body Assy
A1: Sl No. | B1: whether LifeBuoy? | C1: RAW MATERIAL NAME | D1: SAS Part Number | E1: OEM Part Number | F1: UNIT OF MEASURE | G1: SUPPLIER | H1: Jet body Assy PORT
A2: 359 | B2: A | C2: Grub Screws M5x5 SS304 | D2: FAS-GRB-4M5M-HX-304SS | F2: Number | G2: Dynamic Industrial Supplier | H2: 2
A3: 457 | C3: Greasing Nipple M5 | F3: Number | G3: Taha HAjee | H3: 2
A4: 460 | B4: A | C4: I52 Jet Nozzles CCW used on PORT side OLD | E4: f | G4: Bagnan | H4: 1
A5: 462 | B5: A | C5: I52 Jet Stator CCW (PORT) OLD | G5: Bagnan | H5: 1
A6: 464 | B6: A | C6: I52 Jet Impeller CCW (PORT) OLD | G6: Bagnan | H6: 1
A7: 465 | B7: A | C7: I52 Impeller Shaft | G7: Bagnan | H7: 1
A8: 466 | B8: A | C8: I52 Shaft with Teflon Bush 7mm | G8: Bagnan | H8: 1
A9: 467 | B9: A | C9: Self Aligning Bearing IJK-108 | D9: MAC-BEARING-IJK108 | G9: Local Market Kolkata | H9: 2
A10: 468 | B10: A | C10: Jet S52 - Aluminium Spacer No. 1 (0.9mm) | D10: FAB-MCN-S52-SPACER09 | G10: Bagnan | H10: 1
A11: 469 | B11: A | C11: Jet S52 - Aluminium Greasing Spacer | D11: FAB-MCN-S52-SPACERMID | G11: Bagnan | H11: 1
A12: 470 | B12: A | C12: Jet S52 - Aluminium Spacer No. 2 (5.5mm) | D12: FAB-MCN-S52-SPACER5.5 | G12: Bagnan | H12: 1
A13: 471 | B13: A | C13: Oil Seal Jet 10-18-6 | D13: MAC-OILSEAS-10-18-6 | G13: Local Market Kolkata | H13: 1
A14: 472 | B14: A | C14: Oil Seal Stator 7-16-5 | D14: MAC-OILSEAS-7-16-5 | G14: Local Market Kolkata | H14: 1
A15: 476 | B15: A | C15: Circlip Jet 22mm | D15: MAC-CIRCLIP-22MM-SS | G15: Local Market Kolkata | H15: 1
A16: 656 | B16: A | C16: QC Sticker | F16: Number | G16: Local Market | H16: 1

Sheet 26-Motor Mount Assy (V1.1 & 569
A1: Sl No. | B1: whether LifeBuoy? | C1: RAW MATERIAL NAME | D1: SAS Part Number | E1: OEM Part Number | F1: UNIT OF MEASURE | G1: SUPPLIER | H1: Motor Mount Assy (V1.1 & 5692)
A2: 321 | B2: A | C2: Bolt Allen Head M4x12 SS 304 - Motor Mount | D2: FAS-BLT-ALN-4M12M-HX-304SS | F2: Number | G2: Dynamic Industrial Supplier | H2: 6
A3: 437 | B3: A | C3: Heat Sink Paste | D3: HET-PAS-SIL-1W | F3: Grm | G3: Svtherm Technologies | H3: 5
A4: 492 | B4: A | C4: 5692-I52 Motor Mount Heatblock TOP Ver1.1 Integrated Jet | D4: FAB-MCN-5692HE-I52-TMOUNT-V1.1 | F4: Number | G4: D. B. Smelting | H4: 1
A5: 494 | B5: A | C5: 5692-I52 Motor mount heatblock BOTTOM Ver1.1 Integrated Jet | D5: FAB-MCN-5692HE-I52-BMOUNT-V1.1 | F5: Number | G5: D. B. Smelting | H5: 1
A6: 537 | B6: A | C6: Actuator - Motor 5692 495 KV | D6: ACT-MTR-5692KW3i5KV485LEO | E6: 5962 495KV | F6: Number | G6: Leopard | H6: 1

Sheet 25-Kangaroo box STBD Assy
A1: Sl No. | B1: whether LifeBuoy? | C1: RAW MATERIAL NAME | D1: SAS Part Number | E1: OEM Part Number | F1: UNIT OF MEASURE | G1: SUPPLIER | H1: Kangaroo box STBD Assy
A2: 691 | B2: A | C2: Signal Cable Assy | E2: 6 | F2: Number | G2: In House | H2: 1
A3: 707 | B3: A | C3: Kangaroo Power Wire STBD Assy | E3: 22 | F3: Number | G3: In House | H3: 1
A4: 708 | B4: A | C4: Kangaroo Box Preprocessing Assy | E4: 23 | F4: Number | G4: In House | H4: 1

Sheet 24-Kangaroo box PORT Assy
A1: Sl No. | B1: whether LifeBuoy? | C1: RAW MATERIAL NAME | D1: SAS Part Number | E1: OEM Part Number | F1: UNIT OF MEASURE | G1: SUPPLIER | H1: Kangaroo box PORT Assy
A2: 691 | B2: A | C2: Signal Cable Assy | E2: 6 | F2: Number | G2: In House | H2: 1
A3: 706 | B3: A | C3: Kangaroo Power Wire PORT Assy | E3: 21 | F3: Number | G3: In House | H3: 1
A4: 708 | B4: A | C4: Kangaroo Box Preprocessing Assy | E4: 23 | F4: Number | G4: In House | H4: 1

Sheet 23-Kangaroo Box Preprocessing A
A1: Sl No. | B1: whether LifeBuoy? | C1: RAW MATERIAL NAME | D1: SAS Part Number | E1: OEM Part Number | F1: UNIT OF MEASURE | G1: SUPPLIER | H1: Kangaroo Box Preprocessing Assy
A2: 254 | B2: A | C2: Kangaroo Box | D2: FAB-IJM-Kangaroo-Box | F2: Number | G2: Vinod Rai | H2: 1
A3: 401 | B3: A | C3: Cable gland PG-7 | D3: MAC-GLA-PG7-PL | F3: Number | G3: NDP | H3: 2
A4: 403 | C4: PG-9 Cable Gland Metal | H4: 1

Sheet 22-Kangaroo Power Wire STBD Ass
A1: Sl No. | B1: whether LifeBuoy? | C1: RAW MATERIAL NAME | D1: SAS Part Number | E1: OEM Part Number | F1: UNIT OF MEASURE | G1: SUPPLIER | H1: Kangaroo Power Wire STBD Assy
A2: 15 | B2: A | C2: Bullet Connector Male 6mm XT-150 AMASS | D2: CON-BUL-6M | E2: Robu-239520 | F2: Number | G2: Robu | H2: 1
A3: 16 | B3: A | C3: Bullet Connector Female 6mm XT-150 AMASS | D3: CON-BUL-6F | E3: Robu-239593 | F3: Number | G3: Robu | H3: 2
A4: 17 | B4: A | C4: Bullet Connector Male 8mm AMASS | D4: CON-BUL-8M | E4: Robu-239739 | F4: Number | G4: Robu | H4: 1
A5: 21 | B5: A | C5: Cable - Ultra Flexible - Black 10AWG | D5: CAB-SIL-BLACK10AWG | F5: Meter | G5: Robu | H5: 0.65
A6: 22 | B6: A | C6: Cable - Ultra Flexible - Red 10AWG | D6: CAB-SIL-RED10AWG | F6: Meter | G6: Robu | H6: 0.7
A7: 398 | B7: A | C7: Soldering Lead Wire 6040 16AWG | D7: SOL-WIR-6040-ROHS-16AWG | F7: Grm | G7: ARB Accessories | H7: 5
A8: 420 | B8: A | C8: Heatshrink Tube 6.4:1.6 Adhesive Lined Black | D8: SLN-STB-6.4M-4X-BK-ADH | F8: cm | G8: Suzhou Volsun Electronics Technology | H8: 7
A9: 421 | B9: A | C9: Heatshrink Tube 9.5mm Adhesive Lined Black | D9: SLN-STB-9.5M-3X-BK-ADH | F9: cm | G9: Suzhou Volsun Electronics Technology | H9: 3.5
A10: 426 | B10: A | C10: HeatShrink Tube 4.8/1.2 Adhesive Lined Black | D10: SLN-STB-4.8M-4X-BK-ADH | F10: cm | G10: Suzhou Volsun Electronics Technology | H10: 3.5

Sheet 21-Kangaroo Power Wire PORT Ass
A1: Sl No. | B1: whether LifeBuoy? | C1: RAW MATERIAL NAME | D1: SAS Part Number | E1: OEM Part Number | F1: UNIT OF MEASURE | G1: SUPPLIER | H1: Kangaroo Power Wire PORT Assy
A2: 12 | B2: A | C2: Bullet Connector Female 4mm AMASS | D2: CON-BUL-4F | E2: Robu-R150111 | F2: Number | G2: Robu | H2: 2
A3: 14 | B3: A | C3: Bullet Connector Female 2mm AMASS | D3: CON-BUL-2F | E3: Robu-R150107 | F3: Number | G3: Robu | H3: 1
A4: 15 | B4: A | C4: Bullet Connector Male 6mm XT-150 AMASS | D4: CON-BUL-6M | E4: Robu-239520 | F4: Number | G4: Robu | H4: 1
A5: 16 | B5: A | C5: Bullet Connector Female 6mm XT-150 AMASS | D5: CON-BUL-6F | E5: Robu-239593 | F5: Number | G5: Robu | H5: 1
A6: 18 | B6: A | C6: Bullet Connector Female 8mm AMASS | D6: CON-BUL-8F | E6: Robu-239757 | F6: Number | G6: Robu | H6: 1
A7: 21 | B7: A | C7: Cable - Ultra Flexible - Black 10AWG | D7: CAB-SIL-BLACK10AWG | F7: Meter | G7: Robu | H7: 0.63
A8: 22 | B8: A | C8: Cable - Ultra Flexible - Red 10AWG | D8: CAB-SIL-RED10AWG | F8: Meter | G8: Robu | H8: 0.65
A9: 23 | B9: A | C9: Cable - Ultra Flexible - Black 12AWG | D9: CAB-SIL-BLACK12AWG | E9: Robu-1824981 | F9: Meter | G9: Robu | H9: 0.05
A10: 25 | B10: A | C10: Cable - Ultra Flexible - Black 18 AWG | D10: CAB-SIL-BLACK18AWG | F10: Meter | G10: Robu | H10: 0.25
A11: 398 | B11: A | C11: Soldering Lead Wire 6040 16AWG | D11: SOL-WIR-6040-ROHS-16AWG | F11: Grm | G11: ARB Accessories | H11: 10
A12: 420 | B12: A | C12: Heatshrink Tube 6.4:1.6 Adhesive Lined Black | D12: SLN-STB-6.4M-4X-BK-ADH | F12: cm | G12: Suzhou Volsun Electronics Technology | H12: 8
A13: 421 | B13: A | C13: Heatshrink Tube 9.5mm Adhesive Lined Black | D13: SLN-STB-9.5M-3X-BK-ADH | F13: cm | G13: Suzhou Volsun Electronics Technology | H13: 7
A14: 425 | B14: A | C14: HeatShrink Tube 12:3 Adhesive Lined Black | D14: SLN-STB-12M-4X-BK-ADH | F14: cm | G14: Suzhou Volsun Electronics Technology | H14: 3.5

Sheet 20-Flashing Light Assy STBD
A1: Sl No. | B1: whether LifeBuoy? | C1: RAW MATERIAL NAME | D1: SAS Part Number | E1: OEM Part Number | F1: UNIT OF MEASURE | G1: SUPPLIER | H1: Flashing Light Assy STBD
A2: 13 | B2: A | C2: Bullet Connector Male 2mm AMASS | D2: CON-BUL-2M | E2: Robu-R150108 | F2: Number | G2: Robu | H2: 1
A3: 55 | B3: A | C3: PCB of STBD flash light | D3: PCB-STBD-FLASH | F3: Number | G3: JLC | H3: 1
A4: 297 | B4: A | C4: LED SMD Green 2835 1W | D4: IND-SMD-W1LEG-GR | E4: 1w 350mA Emitter Green | F4: Number | G4: Premier Electronics | H4: 4
B5: A | C5: Bolt Button Head M3x8 SS 304 Flashing Lights | D5: FAS-BLT-BUT-3M8M-HX-304SS | F5: Number | G5: Dynamic Industrial Supplier | H5: 6
A6: 398 | B6: A | C6: Soldering Lead Wire 6040 16AWG | D6: SOL-WIR-6040-ROHS-16AWG | F6: Grm | G6: ARB Accessories | H6: 1
A7: 415 | B7: A | C7: Flashing Light - Upper Glass Shell | D7: FAB-IJM-FLSH-GLASS | F7: Number | G7: Janki Die | H7: 1
A8: 416 | B8: A | C8: Flashing Light - Bottom Plate | D8: FAB-IJM-FLSH-PLATE | F8: Number | G8: Janki Die | H8: 1
A9: 437 | B9: A | C9: Heat Sink Paste | D9: HET-PAS-SIL-1W | F9: Grm | G9: Svtherm Technologies | H9: 2
A10: 438 | B10: A | C10: Sealant Teroson MS930 | D10: SLN-SMP-MS930-400ML | F10: ml | G10: Innovine Tech Marketing PVt. Ltd. | H10: 3

Sheet 19-Flashing Light Assy PORT
A1: Sl No. | B1: whether LifeBuoy? | C1: RAW MATERIAL NAME | D1: SAS Part Number | E1: OEM Part Number | F1: UNIT OF MEASURE | G1: SUPPLIER | H1: Flashing Light Assy PORT
A2: 13 | B2: A | C2: Bullet Connector Male 2mm AMASS | D2: CON-BUL-2M | E2: Robu-R150108 | F2: Number | G2: Robu | H2: 1
A3: 56 | B3: A | C3: PCB of PORT flash light | D3: PCB-PORT-FLASH | F3: Number | G3: JLC | H3: 1
A4: 296 | B4: A | C4: LED SMD Red 2835 1W | D4: IND-SMD-W1LEG-RD | E4: 1w 350mA Emitter Red | F4: Number | G4: Premier Electronics | H4: 6
B5: A | C5: Bolt Button Head M3x8 SS 304 Flashing Lights | D5: FAS-BLT-BUT-3M8M-HX-304SS | F5: Number | G5: Dynamic Industrial Supplier | H5: 6
A6: 398 | B6: A | C6: Soldering Lead Wire 6040 16AWG | D6: SOL-WIR-6040-ROHS-16AWG | F6: Grm | G6: ARB Accessories | H6: 1
A7: 415 | B7: A | C7: Flashing Light - Upper Glass Shell | D7: FAB-IJM-FLSH-GLASS | F7: Number | G7: Janki Die | H7: 1
A8: 416 | B8: A | C8: Flashing Light - Bottom Plate | D8: FAB-IJM-FLSH-PLATE | F8: Number | G8: Janki Die | H8: 1
A9: 437 | B9: A | C9: Heat Sink Paste | D9: HET-PAS-SIL-1W | F9: Grm | G9: Svtherm Technologies | H9: 2
A10: 438 | B10: A | C10: Sealant Teroson MS930 | D10: SLN-SMP-MS930-400ML | F10: ml | G10: Innovine Tech Marketing PVt. Ltd. | H10: 3

Sheet 18-Bottom block Assy
A1: Sl No. | B1: whether LifeBuoy? | C1: RAW MATERIAL NAME | D1: SAS Part Number | E1: OEM Part Number | F1: UNIT OF MEASURE | G1: SUPPLIER | H1: Bottom block Assy
A2: 302 | B2: A | C2: Bolt M3x8 CSK Phillips - Inlet Block Mesh | D2: FAS-BLT-CSK-3M8M-PH-304SS | F2: Number | G2: Dynamic Industrial Supplier | H2: 7
A3: 348 | B3: A | C3: Plain Washer M4x12x1 SS 304 - Jet with hull, Inlet block | D3: FAS-WAS-PWS-4M12M1M-304SS | F3: Number | G3: Dynamic Industrial Supplier | H3: 6
A4: 548 | B4: A | C4: BPSPLB - Bottom Mesh 120mm x 100mm, 5"x4" | D4: MAC-MESH-5x4M5 | F4: Meter | G4: Jain Wire Netting | H4: 1

Sheet 17-Charging PM Assy
A1: Sl No. | B1: whether LifeBuoy? | C1: RAW MATERIAL NAME | D1: SAS Part Number | E1: OEM Part Number | F1: UNIT OF MEASURE | G1: SUPPLIER | H1: Charging PM Assy
A2: 13 | B2: A | C2: Bullet Connector Male 2mm AMASS | D2: CON-BUL-2M | E2: Robu-R150108 | F2: Number | G2: Robu | H2: 2
A3: 28 | B3: A | C3: Cable - Ultra Flexible - Black 20 AWG | D3: CAB-SIL-BLACK20AWG | E3: Robu-1824989 | F3: Meter | G3: Robu | H3: 0.12
A4: 30 | B4: A | C4: Cable - Ultra Flexible Red 20 AWG | D4: CAB-SIL-RED20AWG | E4: Robu-1824992 | F4: Meter | G4: Robu | H4: 0.1
A5: 81 | B5: A | C5: Lead Wire 22AWG | D5: SOL-WIR-6040-ROHS-22AWG | F5: grm | G5: Roland | H5: 3
A6: 161 | B6: A | C6: Connector Housing 13 pin JST-XH | D6: CON-JXH-HOS-F13 | F6: Number | G6: Canner Connectors | H6: 1
A7: 193 | B7: A | C7: Cable Crimped JST One Side White with Black Strip 10cm | D7: CAB-CRI-2515WHITEBLACK10CM14/38 | F7: Number | G7: Canner Connectors | H7: 10
A8: 195 | B8: A | C8: Cable Crimped JST One Side Red 10cm | D8: CAB-CRI-2515RED10CM14/38 | F8: Number | G8: Canner Connectors | H8: 1
A9: 198 | B9: A | C9: Cable Crimped JST One Side Cyan 10cm | D9: CAB-CRI-2515CYAN10CM14/38 | F9: Number | G9: Canner Connectors | H9: 1
A10: 423 | B10: A | C10: HeatShrink Tube 3.2 mm Adhesive Lined Black | D10: SLN-STB-3M-3X-BK-ADH | F10: cm | G10: Suzhou Volsun Electronics Technology | H10: 5
A11: 427 | B11: A | C11: HeatShrink Tube 1.5mm/1.6mm | D11: SLN-STB-1.6M-4X-BK | F11: cm | G11: Suzhou Volsun Electronics Technology | H11: 12
A12: 428 | B12: A | C12: HeatShrink Tube 2mm | D12: SLN-STB-2.0M-4X-BK | F12: Meter | G12: Robu | H12: 6

Sheet 16-Signal PM Assy
A1: Sl No. | B1: whether LifeBuoy? | C1: RAW MATERIAL NAME | D1: SAS Part Number | E1: OEM Part Number | F1: UNIT OF MEASURE | G1: SUPPLIER | H1: Signal PM Assy
A2: 81 | B2: A | C2: Lead Wire 22AWG | D2: SOL-WIR-6040-ROHS-22AWG | F2: grm | G2: Roland | H2: 5
A3: 162 | B3: A | C3: Connector Housing 15 pin JST-XH | D3: CON-JXH-HOS-F15 | F3: Number | G3: Canner Connectors | H3: 1
A4: 182 | B4: A | C4: Cable Crimped JST One Side Black 10cm | D4: CAB-CRI-2515BLACK10CM14/38 | F4: Number | G4: Canner Connectors | H4: 1
A5: 183 | B5: A | C5: Cable Crimped JST One Side Green 10cm | D5: CAB-CRI-2515GREEN10CM14/38 | F5: Number | G5: Canner Connectors | H5: 1
A6: 184 | B6: A | C6: Cable Crimped JST One Side Violet 10cm | D6: CAB-CRI-2515VOILET10CM14/38 | F6: Number | G6: Canner Connectors | H6: 1
A7: 185 | B7: A | C7: Cable Crimped JST One Side Yellow 10cm | D7: CAB-CRI-2515YELLOW10CM14/38 | F7: Number | G7: Canner Connectors | H7: 1
A8: 186 | B8: A | C8: Cable Crimped JST One Side Sky Blue 10cm | D8: CAB-CRI-2515SBLUE10CM14/38 | F8: Number | G8: Canner Connectors | H8: 1
A9: 187 | B9: A | C9: Cable Crimped JST One Side Pink 10cm | D9: CAB-CRI-2515PINK10CM14/38 | F9: Number | G9: Canner Connectors | H9: 1
A10: 188 | B10: A | C10: Cable Crimped JST One Side Orange 10cm | D10: CAB-CRI-2515ORANGE10CM14/38 | F10: Number | G10: Canner Connectors | H10: 1
A11: 190 | B11: A | C11: Cable Crimped JST One Side Light Brown 10cm | D11: CAB-CRI-2515LBROWN10CM14/38 | F11: Number | G11: Canner Connectors | H11: 1
A12: 192 | B12: A | C12: Cable Crimped JST One Side White with Red Strip 10cm | D12: CAB-CRI-2515WHITERED10CM14/38 | F12: Number | G12: Canner Connectors | H12: 1
A13: 193 | B13: A | C13: Cable Crimped JST One Side White with Black Strip 10cm | D13: CAB-CRI-2515WHITEBLACK10CM14/38 | F13: Number | G13: Canner Connectors | H13: 1
... A17: 198 | B17: A | C17: Cable Crimped JST One Side Cyan 10cm | D17: CAB-CRI-2515CYAN10CM14/38 | F17: Number | G17: Canner Connectors | H17: 1
A18: 267 | B18: A | C18: Connector Circular PM Male SY21-15 Pin | D18: CON-CRC-SY21BY-PM-M15PL67 | E18: SY2112/P15-1N | F18: Number | G18: Weipu | H18: 1
A19: 427 | B19: A | C19: HeatShrink Tube 1.5mm/1.6mm | D19: SLN-STB-1.6M-4X-BK | F19: cm | G19: Suzhou Volsun Electronics Technology | H19: 15

Sheet 15-Current Sensor Assy
A1: Sl No. | B1: whether LifeBuoy? | C1: RAW MATERIAL NAME | D1: SAS Part Number | E1: OEM Part Number | F1: UNIT OF MEASURE | G1: SUPPLIER | H1: Current Sensor Assy
A2: 58 | B2: A | C2: PCB of Current Sensor | D2: PCB-CUR-SENSOR | F2: Number | G2: JLC | H2: 1
A3: 68 | B3: A | C3: WCS1700 CT Coil current Sensor | D3: SEN-CUR-WCS1700-CTi35 | F3: Number | G3: Evelta | H3: 2
A4: 86 | B4: A | C4: Capacitor 0.1uF 0805 | D4: CAP-SMD-0805-100V10P-0D1uF | E4: 0805B104K101CT | F4: Number | G4: Seutes | H4: 2
A5: 127 | B5: A | C5: 15K 0805 Commercial quality | D5: RES-SMD-0805-125mW5P-15k | E5: N/A | F5: Number | G5: Roland | H5: 2
A6: 149 | C6: Male Bergstrip Right angle strip 40x1 2.54mm | F6: Strips | G6: Roland | H6: 0.2

Sheet 14-100v Buck PCB Assy
A1: Sl No. | B1: whether LifeBuoy? | C1: RAW MATERIAL NAME | D1: SAS Part Number | E1: OEM Part Number | F1: UNIT OF MEASURE | G1: SUPPLIER | H1: 100v Buck PCB Assy
A2: 4 | B2: A | C2: Schottky Diode SS310 100v1A | D2: SIC-DIO-SS310-v100i1 | E2: Robu-R193145 | F2: Number | G2: Robu | H2: 1
A3: 65 | B3: A | C3: PCB of MP9486 on XL7015 FootPrint | D3: PCB-XL7015FOOT-MP9486 | F3: Number | G3: JLC | H3: 1
A4: 80 | B4: A | C4: Lead Paste | D4: SOL-PAS-6040-ROHS | F4: Grm | G4: Roland | H4: 2
A5: 86 | B5: A | C5: Capacitor 0.1uF 0805 | D5: CAP-SMD-0805-100V10P-0D1uF | E5: 0805B104K101CT | F5: Number | G5: Seutes | H5: 2
A6: 92 | B6: A | C6: MP9486AGN-Z 100v Buck converter IC | D6: SIC-BUK-MP9486AGN-Z-100v1A | E6: MP9486AGN-Z | F6: Number | G6: Seutes | H6: 1
A7: 100 | B7: A | C7: 10k 0805 resistor | D7: RES-SMD-0805-125mW5P-10k | E7: ERA6AEB103V (to be modified) | F7: Number | G7: Seutes | H7: 1
A8: 101 | B8: A | C8: 510K Resistor | D8: RES-SMD-0805-125mW5P-510k | F8: Number | G8: Robu | H8: 1
A9: 112 | B9: A | C9: Capacitor Electrolytic 10uF 63v 2.54mm pitch | F9: Number | G9: Roland | H9: 2
A10: 116 | B10: A | C10: 33uH 3.5A SMD Inductor | D10: IDR-SMD-SPM7054-uH33i3.5 | E10: SPM7054VC-330M-D | F10: Number | G10: Seutes | H10: 1
A11: 123 | B11: A | C11: 30k 0805 Yageo | D11: RES-SMD-0805-125mW5P-30k | E11: RT0805FRE0730KL-YAGEO | F11: Number | G11: Robu | H11: 1

Sheet 13-Motherboard Assy
A1: Sl No. | B1: whether LifeBuoy? | C1: RAW MATERIAL NAME | D1: SAS Part Number | E1: OEM Part Number | F1: UNIT OF MEASURE | G1: SUPPLIER | H1: Motherboard Assy
A2: 2 | B2: A | C2: Receiver Module R9MM (R9MM will come July25)/R9Mini | D2: RAD-TRR-R9MI1W915 | E2: Robu-866205 | F2: Number | G2: Robu | H2: 1
A3: 3 | B3: A | C3: Free Wheel Diode SMD M7 | D3: SIC-DIO-M7-v100i1 | E3: Robu-597541 | F3: Number | G3: Robu | H3: 7
A4: 5 | B4: A | C4: Voltage Regulator AMS1117 5.0v | D4: SIC-REG-AMS1117-5v | E4: Robu-162035 | F4: Number | G4: Robu | H4: 3
A5: 7 | B5: A | C5: GPS Module LC86L | D5: MOD-GNS-LC86L | E5: LC86L | F5: Number | G5: Roland | H5: 1
A6: 12 | B6: A | C6: Bullet Connector Female 4mm AMASS | D6: CON-BUL-4F | E6: Robu-R150111 | F6: Number | G6: Robu | H6: 2
A7: 14 | B7: A | C7: Bullet Connector Female 2mm AMASS | D7: CON-BUL-2F | E7: Robu-R150107 | F7: Number | G7: Robu | H7: 1
A8: 16 | B8: A | C8: Bullet Connector Female 6mm XT-150 AMASS | D8: CON-BUL-6F | E8: Robu-239593 | F8: Number | G8: Robu | H8: 1
A9: 38 | B9: A | C9: Buck Coverter Module LM2596HVS | D9: MOD-BUK-LM2596HVSv48i2 | E9: Robu-766328 | F9: Number | G9: Robu | H9: 1
A10: 57 | B10: A | C10: PCB of A4 Motherboard/A42 Motherboard | D10: PCB-A4MEGA328P-MUR | F10: Number | G10: JLC | H10: 1
A11: 80 | B11: A | C11: Lead Paste | D11: SOL-PAS-6040-ROHS | F11: Grm | G11: Roland | H11: 2
A12: 81 | B12: A | C12: Lead Wire 22AWG | D12: SOL-WIR-6040-ROHS-22AWG | F12: grm | G12: Roland | H12: 5
A13: 82 | B13: A | C13: Voltage Regulator 3.3v SOT-223-4 | D13: SIC-REG-AMS1117-33v | E13: LD1117S33CTR | F13: Number | G13: Seutes | H13: 2
A14: 85 | B14: A | C14: Comparator IC - LM358DT SMD | D14: SIC-COM-LM358DT | E14: LM358DT | F14: Number | G14: Seutes | H14: 1
A15: 86 | B15: A | C15: Capacitor 0.1uF 0805 | D15: CAP-SMD-0805-100V10P-0D1uF | E15: 0805B104K101CT | F15: Number | G15: Seutes | H15: 4
A16: 88 | B16: A | C16: LED 0805 SMD | D16: IND-SMD-2D2v-RED | E16: KPTD-2012LVSURCK | F16: Number | G16: Seutes | H16: 1
A17: 89 | B17: A | C17: SSR-SPDT - TS5A3157DBVR | D17: SIC-SSR-TS5A3157DBVR | E17: TS5A3157DBVR | F17: Number | G17: Seutes | H17: 1
A18: 95 | B18: A | C18: 1N4148 SMD | D18: SIC-DIO-1N4148-100V1A | E18: 1N4148W-7-F | F18: Number | G18: Seutes | H18: 4
A19: 96 | B19: A | C19: 18pF 0805 capacitor | D19: CAP-SMD-0805-50V5P-18pF | E19: MC0805N180J500CT | F19: Number | G19: Seutes | H19: 4
A20: 98 | B20: A | C20: 10uF 10v Tantalum Capacitor Case A | D20: CAP-SMD-TANTA-10V10P-10UF | E20: T491A106K010AT | F20: Number | G20: Seutes | H20: 6
A21: 99 | C21: 1k 0805 Resistor | D21: RES-SMD-0805-125mW5P-1k | E21: ERA6AEB102V (to be modified) | F21: Number | G21: Seutes | H21: 1
A22: 100 | B22: A | C22: 10k 0805 resistor | D22: RES-SMD-0805-125mW5P-10k | E22: ERA6AEB103V (to be modified) | F22: Number | G22: Seutes | H22: 1
A23: 103 | B23: A | C23: 330E 0805 Resistor | D23: RES-SMD-0805-125mW1P-330E | E23: MCWR08X3300FTL (to be modified) | F23: Number | G23: Seutes | H23: 12
A24: 104 | B24: A | C24: 22E 3W 2512 SMD Resistor | D24: RES-SMD-0805-3W1P-22E | E24: 352222RJT/CGS | F24: Number | G24: Seutes | H24: 2
A25: 113 | B25: A | C25: Relay Power SPST 23A-24v | D25: REL-PWR-SPST-24v-V63i23 | E25: G2RL-1A-E2-CV-HA DC24 | F25: Number | G25: Roland | H25: 1
A26: 115 | B26: A | C26: MCP3208 Analog to Digital Conv. | D26: SIC-ADC-MCP3208-5V8CH | E26: MCP3208-CI/SL | F26: Number | G26: Seutes | H26: 2
A27: 118 | B27: A | C27: 47k 0805 PANASONIC | D27: RES-SMD-0805-125mW5P-47k | E27: ERJ6GEYJ473V / MCWR08X4702FTL | F27: Number | G27: Seutes | H27: 8
A28: 121 | B28: A | C28: 20k 0805 PANASONIC | D28: RES-SMD-0805-125mW5P-20k | E28: ERJ-P06F2002V/ | F28: Number | G28: Seutes | H28: 12
A29: 124 | B29: A | C29: 470k 0805 PANASONIC | D29: RES-SMD-0805-500mW5P-470k | E29: ERJUP6F4703V | F29: Number | G29: Seutes | H29: 16
A30: 128 | B30: A | C30: 1uF 0805 PANASONIC | D30: CAP-SMD-0805-25V10P-1uF | E30: GCM21BR71E105KA56L | F30: Number | G30: Seutes | H30: 12
A31: 129 | B31: A | C31: 16MHz Crystal oscillator | D31: OSC-SMD-ABM3-16MHZ-18pF | E31: ABM3-16.000MHZ-B2-T | F31: Number | G31: Seutes | H31: 2
A32: 130 | B32: A | C32: Buffer IC ULN2004 SMA | D32: SIC-AMP-SMD-ULN2004D-50V05A7CH | E32: ULN2004D1013TR | F32: Number | G32: Seutes | H32: 1
A33: 131 | B33: A | C33: SSR AQW282SX | D33: SIC-SSR-AQW282SX-63vD35A-2CH | E33: AQW282SX | F33: Number | G33: Seutes | H33: 6
... A39: 143 | B39: A | C39: BlueTooth Module | D39: MOD-BLE-HC05 | E39: HC-05 | F39: Number | G39: Roland | H39: 1
A40: 148 | B40: A | C40: Male Bergstrip 40x1 2.54mm | D40: CON-BRG-40X1-M2.54MM | F40: Strips | G40: Roland | H40: 0.2
A41: 151 | B41: A | C41: Female Bergstrip 40x1 2.0mm | D41: CON-BRG-40X1-F2MM | F41: Strips | G41: Roland | H41: 0.2
A42: 152 | B42: A | C42: Male Bergstrip 40x1 2.0mm | D42: CON-BRG-40X1-M2MM | F42: Strips | G42: Roland | H42: 0.2
A43: 136 | B43: A | C43: Connector Male 3 pin 2510 | D43: CON-RMC-M3 | F43: Number | G43: Robu | H43: 3
A44: 156 | B44: A | C44: Connector Male 5 pin 2510 | D44: CON-RMC-M5 | F44: Number | G44: Roland | H44: 2
A45: 163 | B45: A | C45: Connector Male 2 pin JST-XH Top Entry | D45: CON-JXH-TOP-M2 | F45: Number | G45: Canner Connectors | H45: 1
A46: 175 | B46: A | C46: Connector Male 13 pin JST-XH Top Entry | D46: CON-JXH-TOP-M13 | F46: Number | G46: Canner Connectors | H46: 1
A47: 176 | B47: A | C47: Connector Male 15 pin JST-XH Top Entry | D47: CON-JXH-TOP-M15 | F47: Number | G47: Canner Connectors | H47: 2
A48: 699 | B48: A | C48: 100v Buck PCB Assy | E48: 14 | F48: Number | G48: In House | H48: 1
A49: 700 | B49: A | C49: Current Sensor Assy | E49: 15 | F49: Number | G49: In House | H49: 1

Sheet 12-ElecBox Assy
A1: Sl No. | B1: whether LifeBuoy? | C1: RAW MATERIAL NAME | D1: SAS Part Number | E1: OEM Part Number | F1: UNIT OF MEASURE | G1: SUPPLIER | H1: ElecBox Assy
A2: 2 | B2: A | C2: Receiver Module R9MM (R9MM will come July25)/R9Mini | D2: RAD-TRR-R9MI1W915 | E2: Robu-866205 | F2: Number | G2: Robu | H2: 1
A3: 12 | B3: A | C3: Bullet Connector Female 4mm AMASS | D3: CON-BUL-4F | E3: Robu-R150111 | F3: Number | G3: Robu | H3: 2
A4: 13 | B4: A | C4: Bullet Connector Male 2mm AMASS | D4: CON-BUL-2M | E4: Robu-R150108 | F4: Number | G4: Robu | H4: 2
A5: 15 | B5: A | C5: Bullet Connector Male 6mm XT-150 AMASS | D5: CON-BUL-6M | E5: Robu-239520 | F5: Number | G5: Robu | H5: 1
A6: 16 | B6: A | C6: Bullet Connector Female 6mm XT-150 AMASS | D6: CON-BUL-6F | E6: Robu-239593 | F6: Number | G6: Robu | H6: 1
A7: 22 | B7: A | C7: Cable - Ultra Flexible - Red 10AWG | D7: CAB-SIL-RED10AWG | F7: Meter | G7: Robu | H7: 0.25
A8: 24 | B8: A | C8: Cable - Ultra Flexible - Red 12AWG | D8: CAB-SIL-RED12AWG | E8: Robu-1824982 | F8: Meter | G8: Robu | H8: 0.5
A9: 153 | B9: A | C9: Conformal Coating | D9: EAC-CONFORMAL | F9: ml | G9: Roland | H9: 10
A10: 203 | B10: A | C10: Cable Extension Converter Ipex4 to SMA (for R9MM ipex4) 15cm | D10: CAB-CAX-SMAFtoIPEX11.13 | E10: Robu: 1675004 | F10: Number | G10: Synergy | H10: 1
A11: 253 | B11: A | C11: Electronic Box Top Lid | D11: FAB-IJM-ElecBox-TopLid | F11: Number | G11: Janki Die | H11: 1
A12: 294 | B12: A | C12: Indicator Panel Mount - BlueRobotics | D12: IND-PAM-Al68-12V | E12: BR-100551-001 | F12: Number | G12: BlueRobotics | H12: 1
A13: 295 | B13: A | C13: Rotary Main Switch - BlueRobotics - IP68 | D13: SWI-ROT-BLUEROBOTICS-v63i5 | E13: BR-100433 | F13: Number | G13: BlueRobotics | H13: 1
A14: 313 | B14: A | C14: Bolt CSK Head M4x8 Phillips GI | D14: FAS-BLT-CSK-4M8M-PH-GI | F14: Number | G14: Dynamic Industrial Supplier | H14: 4
A15: 318 | B15: A | C15: M4x20 CSK Phillips - Electronic Box top lid | D15: FAS-BLT-CSK-4M20M-PH-304SS | F15: Number | G15: Dynamic Industrial Supplier | H15: 4
A16: 401 | B16: A | C16: Cable gland PG-7 | D16: MAC-GLA-PG7-PL | F16: Number | G16: NDP | H16: 3
A17: 409 | B17: A | C17: Electronic Box - Shell | D17: FAB-IJM-EBX | F17: Number | G17: Janki Die | H17: 1
A18: 410 | B18: A | C18: Electronic Box - Front Lid | D18: FAB-IJM-FLID-LIFE | F18: Number | G18: Janki Die | H18: 1
A19: 426 | B19: A | C19: HeatShrink Tube 4.8/1.2 Adhesive Lined Black | D19: SLN-STB-4.8M-4X-BK-ADH | F19: cm | G19: Suzhou Volsun Electronics Technology | H19: 10
A20: 655 | B20: A | C20: Silica Gel Packet 10gms | F20: Number | G20: Local Market | H20: 1
A21: 656 | B21: A | C21: QC Sticker | F21: Number | G21: Local Market | H21: 1
A22: 698 | B22: A | C22: Motherboard Assy | E22: 13 | F22: Number | G22: In House | H22: 1
A23: 701 | B23: A | C23: Signal PM Assy | E23: 16 | F23: Number | G23: In House | H23: 2
A24: 702 | B24: A | C24: Charging PM Assy | D24: ASYE-MCH-IP7-FLSHM-ST | E24: 17 | F24: Number | G24: In House | H24: 1

Sheet 11-IP Remote Assy
A1: Sl No. | B1: whether LifeBuoy? | C1: RAW MATERIAL NAME | D1: SAS Part Number | E1: OEM Part Number | F1: UNIT OF MEASURE | G1: SUPPLIER | H1: IP Remote Assy
A2: 1 | B2: A | C2: Transmitter with Receiver Module 2.4G0.9k | D2: RAD-TRR-QX71W915 | E2: Robu-866205 | F2: Number | G2: Robu | H2: 1
A3: 59 | B3: A | C3: PWB of Button -2 | D3: PCB-QX7-BUTTON | F3: Number | G3: JLC | H3: 2
A4: 70 | B4: A | C4: Lithium Ion Battery Block 6X3 with Samsung 50S 21700 | D4: PWR-BLK-6x3-50S | E4: 50S | F4: Number | G4: Ampower India | H4: 2
A5: 73 | B5: A | C5: Lithium Ion Cell Samsung 21700 50S | D5: PWR-BAR-2170-50S | F5: Number | G5: Ampower India | H5: 2
A6: 81 | B6: A | C6: Lead Wire 22AWG | D6: SOL-WIR-6040-ROHS-22AWG | F6: grm | G6: Roland | H6: 5
A7: 141 | B7: A | C7: SD Card 32GB | D7: MOD-SDCARD-32GB-CLASS10A | F7: Number | G7: Roland | H7: 1
A8: 160 | B8: A | C8: 3 pin JST-XH housing | D8: CON-JXH-HOS-F3 | F8: Number | G8: Canner Connectors | H8: 1
A9: 179 | B9: A | C9: Cable Crimped JST-XH One Side Red 25cm 14/38 Wire | D9: CAB-CRI-2511RED25CM14/38 | F9: Number | G9: Canner Connectors | H9: 1
A10: 180 | B10: A | C10: Cable Crimped JST-XH One Side Green 25cm 14/38 wire | D10: CAB-CRI-2511GREEN25CM14/38 | F10: Number | G10: Canner Connectors | H10: 1
A11: 181 | B11: A | C11: Cable Crimped JST-XH One Side Black 25cm 14/38 wire | D11: CAB-CRI-2511BLACK25CM14/38 | F11: Number | G11: Canner Connectors | H11: 1
A12: 204 | B12: A | C12: Cable Extension R9M Antenna - RP-SMA to Open 20cm | D12: CAB-CAX-RPSMAFtoOPEN1.13 | F12: Number | G12: Synergy | H12: 1
A13: 218 | B13: A | C13: 12 Core Wire 14/38 | D13: CAB-MCO-12C14/38LENChetan | F13: Meter | G13: Cable Fort | H13: 0.2
A14: 275 | B14: A | C14: Connector Circular Push Pull CM Male SA12 9pin | D14: CON-CRC-SA12PF-CM-M9AL67-ST | E14: SA1210/P9IB | F14: Number | G14: Weipu | H14: 1
A15: 276 | B15: A | C15: Connector Circular Push Pull PM Female SA12 9pin | D15: CON-CRC-SA12PF-PM-F9AL67-ST | E15: SA1212/S9B | F15: Number | G15: Weipu | H15: 1
A16: 298 | B16: A | C16: Bolt Self Tap Screw No. 4 M4x6.5 Philips SS304 - Remote | D16: FAS-TAP-4No605MPH304SS | F16: Number | G16: Dynamic Industrial Supplier | H16: 12
A17: 299 | B17: A | C17: M2x9.5 Selp tapping SS304 - Remote | D17: FAS-TAP-2No605MPH304SS | F17: Number | G17: Dynamic Industrial Supplier | H17: 6
A18: 316 | B18: A | C18: M2x12 Allen Cap | D18: FAS-BLT-ALN-2M12M-HX-304SS | F18: Number | G18: Dynamic Industrial Supplier | H18: 20
A19: 413 | B19: A | C19: Remote - Upper Shell Water Proof | D19: FAB-IJM-QX7-UPPERSHELL | F19: Number | G19: Webel | H19: 1
A20: 414 | B20: A | C20: Remote - Lower Shell Water Proof | D20: FAB-IJM-QX7-LOWERSHELL | F20: Number | G20: Webel | H20: 1
A21: 438 | B21: A | C21: Sealant Teroson MS930 | D21: SLN-SMP-MS930-400ML | F21: ml | G21: Innovine Tech Marketing PVt. Ltd. | H21: 10
A22: 441 | B22: A | C22: Industrial RTV Silicon Sealant for Gasketting | F22: ml | G22: Royal Tools & Hardware | H22: 7
A23: 508 | B23: A | C23: Hot Glue stick 11mm | D23: nu` | F23: Number | G23: Local Market | H23: 0.1
A24: 516 | B24: A | C24: Button spacer No. 1/1 3D Print | F24: Number | G24: In-house | H24: 1
A25: 517 | B25: A | C25: Button Spacer No. 1/2 3D Print | F25: Number | G25: In-house | H25: 1
A26: 518 | B26: A | C26: Button Spacer No. 2 3D Print | F26: Number | G26: In-house | H26: 2
A27: 519 | B27: A | C27: Remote - Button No. 1 Pressure Bracket 3D Print | D27: FAB-3DP-QX7-PRES-BRAC | F27: Number | G27: In-house | H27: 2
A28: 520 | B28: A | C28: Remote - Battery Holding Bracket 3D Print | D28: FAB-3DP-QX7-BAT-BRAC | F28: Number | G28: In-house | H28: 4
A29: 522 | B29: A | C29: Remote - Straps Lanyard | D29: FAB-STC-QX7-STRAP | F29: Number | G29: Local Market Kolkata | H29: 1
A30: 526 | B30: A | C30: Remote - Antenna clamp -1 3D Print | D30: FAB-3DP-QX7-ANT-CLMP1 | F30: Number | G30: In-house | H30: 1
A31: 527 | B31: A | C31: Remote - Antenna Clamp -2 3D Print | D31: FAB-3DP-QX7-ANT-CLMP2 | F31: Number | G31: In-house | H31: 1
A32: 528 | B32: A | C32: Remote - LCD Holder Bracket 3D Print | D32: FAB-3DP-QX7-LCD-HOLD | F32: Number | G32: In House | H32: 1
A33: 544 | B33: A | C33: Remote - Polycarbonate Glass for LCD Screen on Remote | D33: FAB-QX7-IPREMOTE-GLASS | F33: Number | G33: Local Market | H33: 1
A34: 553 | C34: Foam Gasket 40mm width 5mm thick | F34: cm | H34: 2
A35: 558 | B35: A | C35: Remote - Silicon Water Proof Rubber Boot For Joystick | D35: SLN-BOOT-JOYSTICK | F35: Number | G35: Ali Irani - Kolkata | H35: 2
A36: 559 | B36: A | C36: Remote - Silicon Water Proof Button Cover No. 1 | D36: SLN-BOOT-BUTTON1 | F36: Number | G36: Ali Irani - Kolkata | H36: 2
A37: 560 | B37: A | C37: Remote - Silicon Water Proof Button Cover No. 2 | D37: SLN-BOOT-BUTTON2 | F37: Number | G37: Ali Irani - Kolkata | H37: 2
A38: 561 | C38: Foam Gasket 25mm width 3mm thick | H38: 2
A39: 716 | B39: A | C39: IP Remote Charging PM | E39: 31 | F39: Number | G39: In House | H39: 1

Sheet 10-Battery Wiring PORT Assy 
A1: Sl No. | B1: whether LifeBuoy? | C1: RAW MATERIAL NAME | D1: SAS Part Number | E1: OEM Part Number | F1: UNIT OF MEASURE | G1: SUPPLIER | H1: Battery Wiring PORT Assy
A2: 15 | B2: A | C2: Bullet Connector Male 6mm XT-150 AMASS | D2: CON-BUL-6M | E2: Robu-239520 | F2: Number | G2: Robu | H2: 1
A3: 16 | B3: A | C3: Bullet Connector Female 6mm XT-150 AMASS | D3: CON-BUL-6F | E3: Robu-239593 | F3: Number | G3: Robu | H3: 1
A4: 21 | B4: A | C4: Cable - Ultra Flexible - Black 10AWG | D4: CAB-SIL-BLACK10AWG | F4: Meter | G4: Robu | H4: 0.23
A5: 22 | B5: A | C5: Cable - Ultra Flexible - Red 10AWG | D5: CAB-SIL-RED10AWG | F5: Meter | G5: Robu | H5: 0.35
A6: 117 | B6: A | C6: LM61 Temperature Sensor | D6: SEN-TEM-LM61 | E6: LM61BIZ/NOPB | F6: Number | G6: Seutes | H6: 1
A7: 218 | B7: A | C7: 12 Core Wire 14/38 | D7: CAB-MCO-12C14/38LENChetan | F7: Meter | G7: Cable Fort | H7: 0.3
A8: 277 | B8: A | C8: Connector Circular Push Pull CM Female SA12 9pin | D8: CON-CRC-SA12PF-CM-F9AL67-ST | E8: SA1211/S9IB | F8: Number | G8: Weipu | H8: 1
A9: 398 | B9: A | C9: Soldering Lead Wire 6040 16AWG | D9: SOL-WIR-6040-ROHS-16AWG | F9: Grm | G9: ARB Accessories | H9: 20
A10: 420 | B10: A | C10: Heatshrink Tube 6.4:1.6 Adhesive Lined Black | D10: SLN-STB-6.4M-4X-BK-ADH | F10: cm | G10: Suzhou Volsun Electronics Technology | H10: 3.5
A11: 421 | B11: A | C11: Heatshrink Tube 9.5mm Adhesive Lined Black | D11: SLN-STB-9.5M-3X-BK-ADH | F11: cm | G11: Suzhou Volsun Electronics Technology | H11: 3.5
A12: 427 | B12: A | C12: HeatShrink Tube 1.5mm/1.6mm | D12: SLN-STB-1.6M-4X-BK | F12: cm | G12: Suzhou Volsun Electronics Technology | H12: 9

Sheet 9-Battery wiring STBD Assy
A1: Sl No. | B1: whether LifeBuoy? | C1: RAW MATERIAL NAME | D1: SAS Part Number | E1: OEM Part Number | F1: UNIT OF MEASURE | G1: SUPPLIER | H1: Battery wiring STBD Assy
A2: 15 | B2: A | C2: Bullet Connector Male 6mm XT-150 AMASS | D2: CON-BUL-6M | E2: Robu-239520 | F2: Number | G2: Robu | H2: 1
A3: 16 | B3: A | C3: Bullet Connector Female 6mm XT-150 AMASS | D3: CON-BUL-6F | E3: Robu-239593 | F3: Number | G3: Robu | H3: 1
A4: 21 | B4: A | C4: Cable - Ultra Flexible - Black 10AWG | D4: CAB-SIL-BLACK10AWG | F4: Meter | G4: Robu | H4: 0.23
A5: 22 | B5: A | C5: Cable - Ultra Flexible - Red 10AWG | D5: CAB-SIL-RED10AWG | F5: Meter | G5: Robu | H5: 0.35
A6: 117 | B6: A | C6: LM61 Temperature Sensor | D6: SEN-TEM-LM61 | E6: LM61BIZ/NOPB | F6: Number | G6: Seutes | H6: 1
A7: 218 | B7: A | C7: 12 Core Wire 14/38 | D7: CAB-MCO-12C14/38LENChetan | F7: Meter | G7: Cable Fort | H7: 0.3
A8: 277 | B8: A | C8: Connector Circular Push Pull CM Female SA12 9pin | D8: CON-CRC-SA12PF-CM-F9AL67-ST | E8: SA1211/S9IB | F8: Number | G8: Weipu | H8: 1
A9: 398 | B9: A | C9: Soldering Lead Wire 6040 16AWG | D9: SOL-WIR-6040-ROHS-16AWG | F9: Grm | G9: ARB Accessories | H9: 20
A10: 420 | B10: A | C10: Heatshrink Tube 6.4:1.6 Adhesive Lined Black | D10: SLN-STB-6.4M-4X-BK-ADH | F10: cm | G10: Suzhou Volsun Electronics Technology | H10: 3.5
A11: 421 | B11: A | C11: Heatshrink Tube 9.5mm Adhesive Lined Black | D11: SLN-STB-9.5M-3X-BK-ADH | F11: cm | G11: Suzhou Volsun Electronics Technology | H11: 3.5
A12: 427 | B12: A | C12: HeatShrink Tube 1.5mm/1.6mm | D12: SLN-STB-1.6M-4X-BK | F12: cm | G12: Suzhou Volsun Electronics Technology | H12: 9

Sheet 8-Battery Block Formation Assy
A1: Sl No. | B1: whether LifeBuoy? | C1: RAW MATERIAL NAME | D1: SAS Part Number | E1: OEM Part Number | F1: UNIT OF MEASURE | G1: SUPPLIER | H1: Battery Block Formation Assy
B2: A | H2: 8
A3: 69 | B3: A | C3: 21700 Cell Holder 1x3 21.2mm bore | D3: PWR-CELL-HOLDER-1x3-21700-21.2MM | F3: Number | G3: Quartz Components | H3: 12
A4: 73 | B4: A | C4: Lithium Ion Cell Samsung 21700 50S | D4: PWR-BAR-2170-50S | F4: Number | G4: Ampower India | H4: 18
A5: 393 | B5: A | C5: 65mm Paper Separator | F5: cm | G5: ARB Accessories | H5: 35
A6: 394 | B6: A | C6: Barley ring for 21700 cylindrical cell | F6: Number | G6: ARB Accessories | H6: 18
A7: 398 | B7: A | C7: Soldering Lead Wire 6040 16AWG | D7: SOL-WIR-6040-ROHS-16AWG | F7: Grm | G7: ARB Accessories | H7: 10
A8: 691 | B8: A | C8: Copper Tab Tinning Assy | D8: ASSY-MCN-3S2P-CU-2170 | E8: 7 | F8: Number | G8: In House | H8: 5

Sheet 7-Copper Tab Tinning Assy
A1: Sl No. | B1: whether LifeBuoy? | C1: RAW MATERIAL NAME | D1: SAS Part Number | E1: OEM Part Number | F1: UNIT OF MEASURE | G1: SUPPLIER | H1: Copper Tab Tinning Assy
A2: 391 | B2: A | C2: Copper Strips 3x2 Cells | D2: FAB-MCN-3S2P-CU-2170 | F2: Number | G2: Naveen | H2: 5
A3: 398 | B3: A | C3: Soldering Lead Wire 6040 16AWG | D3: SOL-WIR-6040-ROHS-16AWG | F3: Grm | G3: ARB Accessories | H3: 20

Sheet 6-Signal Cable Assy 
A1: Sl No. | B1: whether LifeBuoy? | C1: RAW MATERIAL NAME | D1: SAS Part Number | E1: OEM Part Number | F1: UNIT OF MEASURE | G1: SUPPLIER | H1: Signal Cable Assy
A2: 14 | B2: A | C2: Bullet Connector Female 2mm AMASS | D2: CON-BUL-2F | E2: Robu-R150107 | F2: Number | G2: Robu | H2: 1
A3: 81 | B3: A | C3: Lead Wire 22AWG | D3: SOL-WIR-6040-ROHS-22AWG | F3: grm | G3: Roland | H3: 5
A4: 218 | B4: A | C4: 12 Core Wire 14/38 | D4: CAB-MCO-12C14/38LENChetan | F4: Meter | G4: Cable Fort | H4: 0.8
A5: 268 | B5: A | C5: Connector Circular CM Female SY21-15 Pin | D5: CON-CRC-SY21BY-CM-F15PL67 | E5: SY2116/S15II-1N | F5: Number | G5: Weipu | H5: 1
A6: 275 | B6: A | C6: Connector Circular Push Pull CM Male SA12 9pin | D6: CON-CRC-SA12PF-CM-M9AL67-ST | E6: SA1210/P9IB | F6: Number | G6: Weipu | H6: 1
A7: 293 | B7: A | C7: Leak Probe Sponge - BlueRobotics | D7: SEN-LEK-BLUEROBOTICS-PROB | E7: BR-100954 | F7: Number | G7: BlueRobotics | H7: 1
A8: 423 | B8: A | C8: HeatShrink Tube 3.2 mm Adhesive Lined Black | D8: SLN-STB-3M-3X-BK-ADH | F8: cm | G8: Suzhou Volsun Electronics Technology | H8: 6
A9: 427 | B9: A | C9: HeatShrink Tube 1.5mm/1.6mm | D9: SLN-STB-1.6M-4X-BK | F9: cm | G9: Suzhou Volsun Electronics Technology | H9: 25
A10: 690 | B10: A | C10: Jet unit Signal Cable Orig. Assy (CMO) | E10: 5 | F10: Number | G10: In House | H10: 1

Sheet 5-Jet unit Signal Cable Orig. A
A1: Sl No. | B1: whether LifeBuoy? | C1: RAW MATERIAL NAME | D1: SAS Part Number | E1: OEM Part Number | F1: UNIT OF MEASURE | G1: SUPPLIER | H1: Jet unit Signal Cable Orig. Assy (CMO)
A2: 81 | B2: A | C2: Lead Wire 22AWG | D2: SOL-WIR-6040-ROHS-22AWG | F2: grm | G2: Roland | H2: 2
A3: 221 | B3: A | C3: 6 Core Wire 14/38 | D3: CAB-MCO-6C14/38LENChetan | F3: Meter | G3: Cable Fort | H3: 0.2
A4: 289 | B4: A | C4: LP12 6 pin socket female clip lock CM | D4: CON-CRS-LP12PF-CM-F6PL67-ST | E4: LP-12-J06PP-03-001 | F4: Number | G4: Evelta | H4: 1
A5: 427 | B5: A | C5: HeatShrink Tube 1.5mm/1.6mm | D5: SLN-STB-1.6M-4X-BK | F5: cm | G5: Suzhou Volsun Electronics Technology | H5: 6

Sheet 4-Jet unit Signl Cbl Dest. Assy
A1: Sl No. | B1: whether LifeBuoy? | C1: RAW MATERIAL NAME | D1: SAS Part Number | E1: OEM Part Number | F1: UNIT OF MEASURE | G1: SUPPLIER | H1: Jet unit Signal Cable Dest. Assy (CMD)
A2: 81 | B2: A | C2: Lead Wire 22AWG | D2: SOL-WIR-6040-ROHS-22AWG | F2: grm | G2: Roland | H2: 2
A3: 221 | B3: A | C3: 6 Core Wire 14/38 | D3: CAB-MCO-6C14/38LENChetan | F3: Meter | G3: Cable Fort | H3: 0.65
A4: 288 | B4: A | C4: LP12 6 pin plug male clip lock CM | D4: CON-CRS-LP12PF-CM-M6PL67-ST | E4: LP-12-C06PE-02-001 | F4: Number | G4: Evelta | H4: 1
A5: 293 | B5: A | C5: Leak Probe Sponge - BlueRobotics | D5: SEN-LEK-BLUEROBOTICS-PROB | E5: BR-100954 | F5: Number | G5: BlueRobotics | H5: 1
A6: 427 | B6: A | C6: HeatShrink Tube 1.5mm/1.6mm | D6: SLN-STB-1.6M-4X-BK | F6: cm | G6: Suzhou Volsun Electronics Technology | H6: 6

Sheet Purchase Order List
A1: PO. No. | B1: Dated | C1: Vendor Name | D1: Brief Item Description | E1: Value
A2: PO#: SAS-PO-25-MARK180-1001 | B2: 18.07.25 | C2: SINO INDIA TRADING COMPANY | D2: ESC | E2: 8600
A3: PO#: SAS-PO-25-MARK180-1002 | B3: 21.07.2025 | C3: DB Smelting | D3: Water Jets | E3: ₹ 3037178.40
A4: PO#: SAS-PO-25-MARK180-1003 | B4: 21.07.2025 | C4: Seutes Technologies | D4: Discrete Electoronic Components | E4: INR 478000.00+ 778
A5: PO#: SAS-PO-25-MARK180-1004 | B5: 21.07.2025 | C5: Macfos Ltd. | D5: Discrete Electoronic Components | E5: INR 132882.16
A6: PO#: SAS-PO-25-MARK180-1005 | B6: 21.07.2025 | C6: Macfos Ltd. | D6: Remote & Receiver
A7: PO#: SAS-PO-25-MARK180-1006 | B7: 21.07.2025 | C7: Premier Electronics | D7: LEDs | E7: INR 18408.00
A8: PO#: SAS-PO-25-MARK180-1007 | B8: 30.07.2025 | C8: Janki Die | D8: Bottom Inlet block, Flashing light | E8: INR 46,232.4
A9: PO#: SAS-PO-25-MARK180-1008 | B9: 12.08.2025 | C9: SVTherm | D9: heat Pipes | E9: INR 20,67,260
A10: PO#: SAS-PO-25-MARK180-1009 | B10: 23.08.2025 | C10: Vinod rai | D10: hull, sr structure, sr pillow | E10: INR 21,19,221.00
A11: PO#: SAS-PO-25-MARK180-1010 | B11: 23.08.2025 | C11: Ambica | D11: AFT plate in Aluminium | E11: INR 1,71,050.00
A12: PO#: SAS-PO-25-MARK180-1011 | B12: 29.08.2025 | C12: Sanjay Techno Plast | D12: Mould Restoration | E12: INR 69,974.00
A13: PO#: SAS-PO-25-MARK180-1012 | B13: 02.09.2025 | C13: Sanjay Techno Plast | D13: Kangaroo Box | E13: INR 1,13,672.94
A14: PO#: SAS-PO-25-MARK180-1013 | B14: 04.09.2025 | C14: Dynamic | D14: Fasteners
A15: PO#: SAS-PO-25-MARK180-1014 | B15: 09.09.2025 | C15: Ambica | D15: Coupling D slot | E15: INR 84,960.00
A16: PO#: SAS-PO-25-MARK180-1015 | B16: 10.09.2025 | C16: Ambica | D16: Jet plate & Heat Side Plate | E16: INR 2,83,200.00

Sheet S-BOM
A1: 9 | B1: SUB-ASSEMBLY BILL OF MATERIAL SHEET
A2: SL NO | B2: SUB ASSEMBLY NAME | C2: RAW MATERIAL NAME | D2: UNITS | E2: UoM | F2: RM USED | G2: RM AVAILABLE | H2: HOW MANY
A3: =IF(B3="","",ROW()-2) -> 1 | B3: Jet Motor Assy | C3: Coupling Hood | D3: 1 | E3: =IF(B3="","",VLOOKUP(C3,RM!$C$4:$F1003,3,FALSE)) -> 0 | F3: =IF(B3="","",IFERROR(SUMIFS(Issue!$D$3:$D1013,Issue!$C$3:$C1013,'S-BOM'!$B3)*'S-BOM'!$D3,"")) -> 0 | G3: {=IFERROR(INDEX(#REF!,MATCH('S-BOM'!$C3,RM!$C$4:$C1003,0)),"")} | H3: =IFERROR(IF(ROUNDDOWN(G3/D3,0)<=0,0,ROUNDDOWN(G3/D3,0)),"")
A4: =IF(B4="","",ROW()-2) -> 2 | B4: Jet Motor Assy | C4: Battery Clamp | D4: 2 | E4: =IF(B4="","",VLOOKUP(C4,RM!$C$4:$F1003,3,FALSE)) -> #N/A | F4: =IF(B4="","",IFERROR(SUMIFS(Issue!$D$3:$D1013,Issue!$C$3:$C1013,'S-BOM'!$B4)*'S-BOM'!$D4,"")) -> 0 | G4: {=IFERROR(INDEX(#REF!,MATCH('S-BOM'!$C4,RM!$C$4:$C1003,0)),"")} | H4: =IFERROR(IF(ROUNDDOWN(G4/D4,0)<=0,0,ROUNDDOWN(G4/D4,0)),"")
A5: =IF(B5="","",ROW()-2) -> 3 | B5: Jet Motor Assy | C5: M4x25 Hex Head | D5: 4 | E5: =IF(B5="","",VLOOKUP(C5,RM!$C$4:$F1003,3,FALSE)) -> #N/A | F5: =IF(B5="","",IFERROR(SUMIFS(Issue!$D$3:$D1013,Issue!$C$3:$C1013,'S-BOM'!$B5)*'S-BOM'!$D5,"")) -> 0 | G5: {=IFERROR(INDEX(#REF!,MATCH('S-BOM'!$C5,RM!$C$4:$C1003,0)),"")} | H5: =IFERROR(IF(ROUNDDOWN(G5/D5,0)<=0,0,ROUNDDOWN(G5/D5,0)),"")
A6: =IF(B6="","",ROW()-2) -> 4 | B6: Jet Motor Assy | C6: M4 Square Nut | D6: 7 | E6: =IF(B6="","",VLOOKUP(C6,RM!$C$4:$F1003,3,FALSE)) -> #N/A | F6: =IF(B6="","",IFERROR(SUMIFS(Issue!$D$3:$D1013,Issue!$C$3:$C1013,'S-BOM'!$B6)*'S-BOM'!$D6,"")) -> 0 | G6: {=IFERROR(INDEX(#REF!,MATCH('S-BOM'!$C6,RM!$C$4:$C1003,0)),"")} | H6: =IFERROR(IF(ROUNDDOWN(G6/D6,0)<=0,0,ROUNDDOWN(G6/D6,0)),"")
A7: =IF(B7="","",ROW()-2) -> 5 | B7: Jet Motor Assy | C7: M4 Nyloc | D7: 16 | E7: =IF(B7="","",VLOOKUP(C7,RM!$C$4:$F1003,3,FALSE)) -> #N/A | F7: =IF(B7="","",IFERROR(SUMIFS(Issue!$D$3:$D1013,Issue!$C$3:$C1013,'S-BOM'!$B7)*'S-BOM'!$D7,"")) -> 0 | G7: {=IFERROR(INDEX(#REF!,MATCH('S-BOM'!$C7,RM!$C$4:$C1003,0)),"")} | H7: =IFERROR(IF(ROUNDDOWN(G7/D7,0)<=0,0,ROUNDDOWN(G7/D7,0)),"")
A8: =IF(B8="","",ROW()-2) -> 6 | B8: Jet Motor Assy | C8: M4 Spring washer | D8: 20 | E8: =IF(B8="","",VLOOKUP(C8,RM!$C$4:$F1003,3,FALSE)) -> #N/A | F8: =IF(B8="","",IFERROR(SUMIFS(Issue!$D$3:$D1013,Issue!$C$3:$C1013,'S-BOM'!$B8)*'S-BOM'!$D8,"")) -> 0 | G8: {=IFERROR(INDEX(#REF!,MATCH('S-BOM'!$C8,RM!$C$4:$C1003,0)),"")} | H8: =IFERROR(IF(ROUNDDOWN(G8/D8,0)<=0,0,ROUNDDOWN(G8/D8,0)),"")
A9: =IF(B9="","",ROW()-2) -> 7 | B9: Jet Motor Assy | C9: M4x12 plain washer | D9: 24 | E9: =IF(B8="","",VLOOKUP(C9,RM!$C$4:$F1003,3,FALSE)) -> #N/A | F9: =IF(B8="","",IFERROR(SUMIFS(Issue!$D$3:$D1013,Issue!$C$3:$C1013,'S-BOM'!$B8)*'S-BOM'!$D9,"")) -> 0 | G9: {=IFERROR(INDEX(#REF!,MATCH('S-BOM'!$C9,RM!$C$4:$C1003,0)),"")} | H9: =IFERROR(IF(ROUNDDOWN(G9/D9,0)<=0,0,ROUNDDOWN(G9/D9,0)),"")
A10: =IF(B10="","",ROW()-2) -> 8 | B10: Jet Motor Assy | C10: M4x16 CSK Phillips | D10: 4 | E10: =IF(B10="","",VLOOKUP(C10,RM!$C$4:$F1003,3,FALSE)) -> #N/A | F10: =IF(B10="","",IFERROR(SUMIFS(Issue!$D$3:$D1013,Issue!$C$3:$C1013,'S-BOM'!$B10)*'S-BOM'!$D10,"")) -> 0 | G10: {=IFERROR(INDEX(#REF!,MATCH('S-BOM'!$C10,RM!$C$4:$C1003,0)),"")} | H10: =IFERROR(IF(ROUNDDOWN(G10/D10,0)<=0,0,ROUNDDOWN(G10/D10,0)),"")
A11: =IF(B11="","",ROW()-2) -> 9 | B11: Jet Motor Assy | C11: M4x10 CSK Phillips | D11: 0 | E11: =IF(B11="","",VLOOKUP(C11,RM!$C$4:$F1003,3,FALSE)) -> #N/A | F11: =IF(B11="","",IFERROR(SUMIFS(Issue!$D$3:$D1013,Issue!$C$3:$C1013,'S-BOM'!$B11)*'S-BOM'!$D11,"")) -> 0 | G11: {=IFERROR(INDEX(#REF!,MATCH('S-BOM'!$C11,RM!$C$4:$C1003,0)),"")} | H11: =IFERROR(IF(ROUNDDOWN(G11/D11,0)<=0,0,ROUNDDOWN(G11/D11,0)),"")
A12: =IF(B12="","",ROW()-2) -> 10 | B12: Jet Motor Assy | C12: M4x20 CSK Phillips | D12: 8 | E12: =IF(B12="","",VLOOKUP(C12,RM!$C$4:$F1003,3,FALSE)) -> #N/A | F12: =IF(B12="","",IFERROR(SUMIFS(Issue!$D$3:$D1013,Issue!$C$3:$C1013,'S-BOM'!$B12)*'S-BOM'!$D12,"")) -> 0 | G12: {=IFERROR(INDEX(#REF!,MATCH('S-BOM'!$C12,RM!$C$4:$C1003,0)),"")} | H12: =IFERROR(IF(ROUNDDOWN(G12/D12,0)<=0,0,ROUNDDOWN(G12/D12,0)),"")
A13: =IF(B13="","",ROW()-2) -> 11 | B13: Jet Motor Assy | C13: Grub M6x10 SS (Coupling tightening) | D13: 2 | E13: =IF(B13="","",VLOOKUP(C13,RM!$C$4:$F1003,3,FALSE)) -> #N/A | F13: =IF(B13="","",IFERROR(SUMIFS(Issue!$D$3:$D1013,Issue!$C$3:$C1013,'S-BOM'!$B13)*'S-BOM'!$D13,"")) -> 0 | G13: {=IFERROR(INDEX(#REF!,MATCH('S-BOM'!$C13,RM!$C$4:$C1003,0)),"")} | H13: =IFERROR(IF(ROUNDDOWN(G13/D13,0)<=0,0,ROUNDDOWN(G13/D13,0)),"")
A14: =IF(B14="","",ROW()-2) -> 12 | B14: Jet Motor Assy | C14: Rotex14 Coupling | D14: 1 | E14: =IF(B14="","",VLOOKUP(C14,RM!$C$4:$F1003,3,FALSE)) -> #N/A | F14: =IF(B14="","",IFERROR(SUMIFS(Issue!$D$3:$D1013,Issue!$C$3:$C1013,'S-BOM'!$B14)*'S-BOM'!$D14,"")) -> 0 | G14: {=IFERROR(INDEX(#REF!,MATCH('S-BOM'!$C14,RM!$C$4:$C1003,0)),"")} | H14: =IFERROR(IF(ROUNDDOWN(G14/D14,0)<=0,0,ROUNDDOWN(G14/D14,0)),"")
A15: =IF(B15="","",ROW()-2) -> 13 | B15: Jet Motor Assy | C15: Teroson MS930 | D15: 15 | E15: =IF(B15="","",VLOOKUP(C15,RM!$C$4:$F1003,3,FALSE)) -> #N/A | F15: =IF(B15="","",IFERROR(SUMIFS(Issue!$D$3:$D1013,Issue!$C$3:$C1013,'S-BOM'!$B15)*'S-BOM'!$D15,"")) -> 0 | G15: {=IFERROR(INDEX(#REF!,MATCH('S-BOM'!$C15,RM!$C$4:$C1003,0)),"")} | H15: =IFERROR(IF(ROUNDDOWN(G15/D15,0)<=0,0,ROUNDDOWN(G15/D15,0)),"")
A16: =IF(B16="","",ROW()-2) -> 14 | B16: Jet Motor Assy | C16: Nozzle on Jet | D16: 1 | E16: =IF(B16="","",VLOOKUP(C16,RM!$C$4:$F1003,3,FALSE)) -> 0 | F16: =IF(B16="","",IFERROR(SUMIFS(Issue!$D$3:$D1013,Issue!$C$3:$C1013,'S-BOM'!$B16)*'S-BOM'!$D16,"")) -> 0 | G16: {=IFERROR(INDEX(#REF!,MATCH('S-BOM'!$C16,RM!$C$4:$C1003,0)),"")} | H16: =IFERROR(IF(ROUNDDOWN(G16/D16,0)<=0,0,ROUNDDOWN(G16/D16,0)),"")
A17: =IF(B17="","",ROW()-2) -> 15 | B17: Jet Motor Assy | C17: Silicon hose pipe clip 7mm | D17: 1 | E17: =IF(B17="","",VLOOKUP(C17,RM!$C$4:$F1003,3,FALSE)) -> #N/A | F17: =IF(B17="","",IFERROR(SUMIFS(Issue!$D$3:$D1013,Issue!$C$3:$C1013,'S-BOM'!$B17)*'S-BOM'!$D17,"")) -> 0 | G17: {=IFERROR(INDEX(#REF!,MATCH('S-BOM'!$C17,RM!$C$4:$C1003,0)),"")} | H17: =IFERROR(IF(ROUNDDOWN(G17/D17,0)<=0,0,ROUNDDOWN(G17/D17,0)),"")
A18: =IF(B18="","",ROW()-2) -> 16 | B18: Jet Motor Assy | C18: Water Jet pump Jet S52 | D18: 1 | E18: =IF(B18="","",VLOOKUP(C18,RM!$C$4:$F1003,3,FALSE)) -> #N/A | F18: =IF(B18="","",IFERROR(SUMIFS(Issue!$D$3:$D1013,Issue!$C$3:$C1013,'S-BOM'!$B18)*'S-BOM'!$D18,"")) -> 0 | G18: {=IFERROR(INDEX(#REF!,MATCH('S-BOM'!$C18,RM!$C$4:$C1003,0)),"")} | H18: =IFERROR(IF(ROUNDDOWN(G18/D18,0)<=0,0,ROUNDDOWN(G18/D18,0)),"")
A19: =IF(B19="","",ROW()-2) -> 17 | B19: Jet Motor Assy | C19: ESC Mounting Plate | D19: 1 | E19: =IF(B19="","",VLOOKUP(C19,RM!$C$4:$F1003,3,FALSE)) -> #N/A | F19: =IF(B19="","",IFERROR(SUMIFS(Issue!$D$3:$D1013,Issue!$C$3:$C1013,'S-BOM'!$B19)*'S-BOM'!$D19,"")) -> 0 | G19: {=IFERROR(INDEX(#REF!,MATCH('S-BOM'!$C19,RM!$C$4:$C1003,0)),"")} | H19: =IFERROR(IF(ROUNDDOWN(G19/D19,0)<=0,0,ROUNDDOWN(G19/D19,0)),"")
A20: =IF(B20="","",ROW()-2) -> 18 | B20: Jet Motor Assy | C20: Jet S52 Mounting plate | D20: 1 | E20: =IF(B20="","",VLOOKUP(C20,RM!$C$4:$F1003,3,FALSE)) -> #N/A | F20: =IF(B20="","",IFERROR(SUMIFS(Issue!$D$3:$D1013,Issue!$C$3:$C1013,'S-BOM'!$B20)*'S-BOM'!$D20,"")) -> 0 | G20: {=IFERROR(INDEX(#REF!,MATCH('S-BOM'!$C20,RM!$C$4:$C1003,0)),"")} | H20: =IFERROR(IF(ROUNDDOWN(G20/D20,0)<=0,0,ROUNDDOWN(G20/D20,0)),"")
A21: =IF(B21="","",ROW()-2) -> 19 | B21: Jet Motor Assy | C21: Motor Mount 5692 | D21: 2 | E21: =IF(B21="","",VLOOKUP(C21,RM!$C$4:$F1003,3,FALSE)) -> #N/A | F21: =IF(B21="","",IFERROR(SUMIFS(Issue!$D$3:$D1013,Issue!$C$3:$C1013,'S-BOM'!$B21)*'S-BOM'!$D21,"")) -> 0 | G21: {=IFERROR(INDEX(#REF!,MATCH('S-BOM'!$C21,RM!$C$4:$C1003,0)),"")} | H21: =IFERROR(IF(ROUNDDOWN(G21/D21,0)<=0,0,ROUNDDOWN(G21/D21,0)),"")
A22: =IF(B22="","",ROW()-2) -> 20 | B22: Jet Motor Assy | C22: Motor 5692 495 KV | D22: 1 | E22: =IF(B22="","",VLOOKUP(C22,RM!$C$4:$F1003,3,FALSE)) -> #N/A | F22: =IF(B22="","",IFERROR(SUMIFS(Issue!$D$3:$D1013,Issue!$C$3:$C1013,'S-BOM'!$B22)*'S-BOM'!$D22,"")) -> 0 | G22: {=IFERROR(INDEX(#REF!,MATCH('S-BOM'!$C22,RM!$C$4:$C1003,0)),"")} | H22: =IFERROR(IF(ROUNDDOWN(G22/D22,0)<=0,0,ROUNDDOWN(G22/D22,0)),"")
A23: =IF(B23="","",ROW()-2) -> 21 | B23: Jet Motor Assy | C23: Motor Cooling Jacket 56mm x 50mm | D23: 1 | E23: =IF(B23="","",VLOOKUP(C23,RM!$C$4:$F1003,3,FALSE)) -> #N/A | F23: =IF(B23="","",IFERROR(SUMIFS(Issue!$D$3:$D1013,Issue!$C$3:$C1013,'S-BOM'!$B23)*'S-BOM'!$D23,"")) -> 0 | G23: {=IFERROR(INDEX(#REF!,MATCH('S-BOM'!$C23,RM!$C$4:$C1003,0)),"")} | H23: =IFERROR(IF(ROUNDDOWN(G23/D23,0)<=0,0,ROUNDDOWN(G23/D23,0)),"")
A24: =IF(B24="","",ROW()-2) -> 22 | B24: Jet Motor Assy | C24: Silicon Hose 4mm x 8mm | D24: 0.2 | E24: =IF(B24="","",VLOOKUP(C24,RM!$C$4:$F1003,3,FALSE)) -> 0 | F24: =IF(B24="","",IFERROR(SUMIFS(Issue!$D$3:$D1013,Issue!$C$3:$C1013,'S-BOM'!$B24)*'S-BOM'!$D24,"")) -> 0 | G24: {=IFERROR(INDEX(#REF!,MATCH('S-BOM'!$C24,RM!$C$4:$C1003,0)),"")} | H24: =IFERROR(IF(ROUNDDOWN(G24/D24,0)<=0,0,ROUNDDOWN(G24/D24,0)),"")
A25: =IF(B25="","",ROW()-2) -> 23 | B25: Jet Motor Assy | C25: Silicon Hose 3mm x 6mm | D25: 0.75 | E25: =IF(B25="","",VLOOKUP(C25,RM!$C$4:$F1003,3,FALSE)) -> 0 | F25: =IF(B25="","",IFERROR(SUMIFS(Issue!$D$3:$D1013,Issue!$C$3:$C1013,'S-BOM'!$B25)*'S-BOM'!$D25,"")) -> 0 | G25: {=IFERROR(INDEX(#REF!,MATCH('S-BOM'!$C25,RM!$C$4:$C1003,0)),"")} | H25: =IFERROR(IF(ROUNDDOWN(G25/D25,0)<=0,0,ROUNDDOWN(G25/D25,0)),"")
A26: =IF(B26="","",ROW()-2) -> 24 | B26: Jet Motor Assy | C26: Thread locker 242/270/290 | D26: 2 | E26: =IF(B26="","",VLOOKUP(C26,RM!$C$4:$F1003,3,FALSE)) -> #N/A | F26: =IF(B26="","",IFERROR(SUMIFS(Issue!$D$3:$D1013,Issue!$C$3:$C1013,'S-BOM'!$B26)*'S-BOM'!$D26,"")) -> 0 | G26: {=IFERROR(INDEX(#REF!,MATCH('S-BOM'!$C26,RM!$C$4:$C1003,0)),"")} | H26: =IFERROR(IF(ROUNDDOWN(G26/D26,0)<=0,0,ROUNDDOWN(G26/D26,0)),"")
A27: =IF(B27="","",ROW()-2) -> 25 | B27: Jet Motor Assy | C27: Thread locker Activator | D27: 2 | E27: =IF(B27="","",VLOOKUP(C27,RM!$C$4:$F1003,3,FALSE)) -> #N/A | F27: =IF(B27="","",IFERROR(SUMIFS(Issue!$D$3:$D1013,Issue!$C$3:$C1013,'S-BOM'!$B27)*'S-BOM'!$D27,"")) -> 0 | G27: {=IFERROR(INDEX(#REF!,MATCH('S-BOM'!$C27,RM!$C$4:$C1003,0)),"")} | H27: =IFERROR(IF(ROUNDDOWN(G27/D27,0)<=0,0,ROUNDDOWN(G27/D27,0)),"")
A28: =IF(B28="","",ROW()-2) -> 26 | B28: STBD_ESC Assy | C28: 5.5mm Female Bullet connector | D28: 1 | E28: =IF(B28="","",VLOOKUP(C28,RM!$C$4:$F1003,3,FALSE)) -> #N/A | F28: =IF(B28="","",IFERROR(SUMIFS(Issue!$D$3:$D1013,Issue!$C$3:$C1013,'S-BOM'!$B28)*'S-BOM'!$D28,"")) -> 0 | G28: {=IFERROR(INDEX(#REF!,MATCH('S-BOM'!$C28,RM!$C$4:$C1003,0)),"")} | H28: =IFERROR(IF(ROUNDDOWN(G28/D28,0)<=0,0,ROUNDDOWN(G28/D28,0)),"")
A29: =IF(B29="","",ROW()-2) -> 27 | B29: STBD_ESC Assy | C29: 4mm Male Bullet connector | D29: 2 | E29: =IF(B29="","",VLOOKUP(C29,RM!$C$4:$F1003,3,FALSE)) -> #N/A | F29: =IF(B29="","",IFERROR(SUMIFS(Issue!$D$3:$D1013,Issue!$C$3:$C1013,'S-BOM'!$B29)*'S-BOM'!$D29,"")) -> 0 | G29: {=IFERROR(INDEX(#REF!,MATCH('S-BOM'!$C29,RM!$C$4:$C1003,0)),"")} | H29: =IFERROR(IF(ROUNDDOWN(G29/D29,0)<=0,0,ROUNDDOWN(G29/D29,0)),"")
A30: =IF(B30="","",ROW()-2) -> 28 | B30: STBD_ESC Assy | C30: 4mm Female Bullet connector | D30: 1 | E30: =IF(B30="","",VLOOKUP(C30,RM!$C$4:$F1003,3,FALSE)) -> #N/A | F30: =IF(B30="","",IFERROR(SUMIFS(Issue!$D$3:$D1013,Issue!$C$3:$C1013,'S-BOM'!$B30)*'S-BOM'!$D30,"")) -> 0 | G30: {=IFERROR(INDEX(#REF!,MATCH('S-BOM'!$C30,RM!$C$4:$C1003,0)),"")} | H30: =IFERROR(IF(ROUNDDOWN(G30/D30,0)<=0,0,ROUNDDOWN(G30/D30,0)),"")
A31: =IF(B31="","",ROW()-2) -> 29 | B31: STBD_ESC Assy | C31: Black 12AWG | D31: 0.55 | E31: =IF(B31="","",VLOOKUP(C31,RM!$C$4:$F1003,3,FALSE)) -> #N/A | F31: =IF(B31="","",IFERROR(SUMIFS(Issue!$D$3:$D1013,Issue!$C$3:$C1013,'S-BOM'!$B31)*'S-BOM'!$D31,"")) -> 0 | G31: {=IFERROR(INDEX(#REF!,MATCH('S-BOM'!$C31,RM!$C$4:$C1003,0)),"")} | H31: =IFERROR(IF(ROUNDDOWN(G31/D31,0)<=0,0,ROUNDDOWN(G31/D31,0)),"")
A32: =IF(B32="","",ROW()-2) -> 30 | B32: STBD_ESC Assy | C32: Red 12AWG | D32: 0.55 | E32: =IF(B32="","",VLOOKUP(C32,RM!$C$4:$F1003,3,FALSE)) -> #N/A | F32: =IF(B32="","",IFERROR(SUMIFS(Issue!$D$3:$D1013,Issue!$C$3:$C1013,'S-BOM'!$B32)*'S-BOM'!$D32,"")) -> 0 | G32: {=IFERROR(INDEX(#REF!,MATCH('S-BOM'!$C32,RM!$C$4:$C1003,0)),"")} | H32: =IFERROR(IF(ROUNDDOWN(G32/D32,0)<=0,0,ROUNDDOWN(G32/D32,0)),"")
A33: =IF(B33="","",ROW()-2) -> 31 | B33: STBD_ESC Assy | C33: Ferrite Core | D33: 1 | E33: =IF(B33="","",VLOOKUP(C33,RM!$C$4:$F1003,3,FALSE)) -> CF199T1306C | F33: =IF(B33="","",IFERROR(SUMIFS(Issue!$D$3:$D1013,Issue!$C$3:$C1013,'S-BOM'!$B33)*'S-BOM'!$D33,"")) -> 0 | G33: {=IFERROR(INDEX(#REF!,MATCH('S-BOM'!$C33,RM!$C$4:$C1003,0)),"")} | H33: =IFERROR(IF(ROUNDDOWN(G33/D33,0)<=0,0,ROUNDDOWN(G33/D33,0)),"")
A34: =IF(B34="","",ROW()-2) -> 32 | B34: STBD_ESC Assy | C34: 16AWG Lead | D34: 5 | E34: =IF(B34="","",VLOOKUP(C34,RM!$C$4:$F1003,3,FALSE)) -> #N/A | F34: =IF(B34="","",IFERROR(SUMIFS(Issue!$D$3:$D1013,Issue!$C$3:$C1013,'S-BOM'!$B34)*'S-BOM'!$D34,"")) -> 0 | G34: {=IFERROR(INDEX(#REF!,MATCH('S-BOM'!$C34,RM!$C$4:$C1003,0)),"")} | H34: =IFERROR(IF(ROUNDDOWN(G34/D34,0)<=0,0,ROUNDDOWN(G34/D34,0)),"")
A35: =IF(B35="","",ROW()-2) -> 33 | B35: STBD_ESC Assy | C35: Heatshrink Tube 9:3 | D35: 0.05 | E35: =IF(B35="","",VLOOKUP(C35,RM!$C$4:$F1003,3,FALSE)) -> #N/A | F35: =IF(B35="","",IFERROR(SUMIFS(Issue!$D$3:$D1013,Issue!$C$3:$C1013,'S-BOM'!$B35)*'S-BOM'!$D35,"")) -> 0 | G35: {=IFERROR(INDEX(#REF!,MATCH('S-BOM'!$C35,RM!$C$4:$C1003,0)),"")} | H35: =IFERROR(IF(ROUNDDOWN(G35/D35,0)<=0,0,ROUNDDOWN(G35/D35,0)),"")
A36: =IF(B36="","",ROW()-2) -> 34 | B36: STBD_ESC Assy | C36: HeatShrink Tube 4.8/1.2 | D36: 0.05 | E36: =IF(B36="","",VLOOKUP(C36,RM!$C$4:$F1003,3,FALSE)) -> #N/A | F36: =IF(B36="","",IFERROR(SUMIFS(Issue!$D$3:$D1013,Issue!$C$3:$C1013,'S-BOM'!$B36)*'S-BOM'!$D36,"")) -> 0 | G36: {=IFERROR(INDEX(#REF!,MATCH('S-BOM'!$C36,RM!$C$4:$C1003,0)),"")} | H36: =IFERROR(IF(ROUNDDOWN(G36/D36,0)<=0,0,ROUNDDOWN(G36/D36,0)),"")
A37: =IF(B37="","",ROW()-2) -> 35 | B37: STBD_ESC Assy | C37: HV130 ESC | D37: 1 | E37: =IF(B37="","",VLOOKUP(C37,RM!$C$4:$F1003,3,FALSE)) -> #N/A | F37: =IF(B37="","",IFERROR(SUMIFS(Issue!$D$3:$D1013,Issue!$C$3:$C1013,'S-BOM'!$B37)*'S-BOM'!$D37,"")) -> 0 | G37: {=IFERROR(INDEX(#REF!,MATCH('S-BOM'!$C37,RM!$C$4:$C1003,0)),"")} | H37: =IFERROR(IF(ROUNDDOWN(G37/D37,0)<=0,0,ROUNDDOWN(G37/D37,0)),"")
A38: =IF(B38="","",ROW()-2) -> 36 | B38: PORT_ESC Assy | C38: 5.5mm Female Bullet connector | D38: 1 | E38: =IF(B38="","",VLOOKUP(C38,RM!$C$4:$F1003,3,FALSE)) -> #N/A | F38: =IF(B38="","",IFERROR(SUMIFS(Issue!$D$3:$D1013,Issue!$C$3:$C1013,'S-BOM'!$B38)*'S-BOM'!$D38,"")) -> 0 | G38: {=IFERROR(INDEX(#REF!,MATCH('S-BOM'!$C38,RM!$C$4:$C1003,0)),"")} | H38: =IFERROR(IF(ROUNDDOWN(G38/D38,0)<=0,0,ROUNDDOWN(G38/D38,0)),"")
A39: =IF(B39="","",ROW()-2) -> 37 | B39: PORT_ESC Assy | C39: 4mm Male Bullet connector | D39: 2 | E39: =IF(B39="","",VLOOKUP(C39,RM!$C$4:$F1003,3,FALSE)) -> #N/A | F39: =IF(B39="","",IFERROR(SUMIFS(Issue!$D$3:$D1013,Issue!$C$3:$C1013,'S-BOM'!$B39)*'S-BOM'!$D39,"")) -> 0 | G39: {=IFERROR(INDEX(#REF!,MATCH('S-BOM'!$C39,RM!$C$4:$C1003,0)),"")} | H39: =IFERROR(IF(ROUNDDOWN(G39/D39,0)<=0,0,ROUNDDOWN(G39/D39,0)),"")
A40: =IF(B40="","",ROW()-2) -> 38 | B40: PORT_ESC Assy | C40: 4mm Female Bullet connector | D40: 1 | E40: =IF(B40="","",VLOOKUP(C40,RM!$C$4:$F1003,3,FALSE)) -> #N/A | F40: =IF(B40="","",IFERROR(SUMIFS(Issue!$D$3:$D1013,Issue!$C$3:$C1013,'S-BOM'!$B40)*'S-BOM'!$D40,"")) -> 0 | G40: {=IFERROR(INDEX(#REF!,MATCH('S-BOM'!$C40,RM!$C$4:$C1003,0)),"")} | H40: =IFERROR(IF(ROUNDDOWN(G40/D40,0)<=0,0,ROUNDDOWN(G40/D40,0)),"")
A41: =IF(B41="","",ROW()-2) -> 39 | B41: PORT_ESC Assy | C41: Red 12AWG | D41: 0.55 | E41: =IF(B41="","",VLOOKUP(C41,RM!$C$4:$F1003,3,FALSE)) -> #N/A | F41: =IF(B41="","",IFERROR(SUMIFS(Issue!$D$3:$D1013,Issue!$C$3:$C1013,'S-BOM'!$B41)*'S-BOM'!$D41,"")) -> 0 | G41: {=IFERROR(INDEX(#REF!,MATCH('S-BOM'!$C41,RM!$C$4:$C1003,0)),"")} | H41: =IFERROR(IF(ROUNDDOWN(G41/D41,0)<=0,0,ROUNDDOWN(G41/D41,0)),"")
A42: =IF(B42="","",ROW()-2) -> 40 | B42: PORT_ESC Assy | C42: Ferrite Core | D42: 1 | E42: =IF(B42="","",VLOOKUP(C42,RM!$C$4:$F1003,3,FALSE)) -> CF199T1306C | F42: =IF(B42="","",IFERROR(SUMIFS(Issue!$D$3:$D1013,Issue!$C$3:$C1013,'S-BOM'!$B42)*'S-BOM'!$D42,"")) -> 0 | G42: {=IFERROR(INDEX(#REF!,MATCH('S-BOM'!$C42,RM!$C$4:$C1003,0)),"")} | H42: =IFERROR(IF(ROUNDDOWN(G42/D42,0)<=0,0,ROUNDDOWN(G42/D42,0)),"")
A43: =IF(B43="","",ROW()-2) -> 41 | B43: PORT_ESC Assy | C43: 16AWG Lead | D43: 5 | E43: =IF(B43="","",VLOOKUP(C43,RM!$C$4:$F1003,3,FALSE)) -> #N/A | F43: =IF(B43="","",IFERROR(SUMIFS(Issue!$D$3:$D1013,Issue!$C$3:$C1013,'S-BOM'!$B43)*'S-BOM'!$D43,"")) -> 0 | G43: {=IFERROR(INDEX(#REF!,MATCH('S-BOM'!$C43,RM!$C$4:$C1003,0)),"")} | H43: =IFERROR(IF(ROUNDDOWN(G43/D43,0)<=0,0,ROUNDDOWN(G43/D43,0)),"")
A44: =IF(B44="","",ROW()-2) -> 42 | B44: PORT_ESC Assy | C44: Heatshrink Tube 9:3 | D44: 0.05 | E44: =IF(B44="","",VLOOKUP(C44,RM!$C$4:$F1003,3,FALSE)) -> #N/A | F44: =IF(B44="","",IFERROR(SUMIFS(Issue!$D$3:$D1013,Issue!$C$3:$C1013,'S-BOM'!$B44)*'S-BOM'!$D44,"")) -> 0 | G44: {=IFERROR(INDEX(#REF!,MATCH('S-BOM'!$C44,RM!$C$4:$C1003,0)),"")} | H44: =IFERROR(IF(ROUNDDOWN(G44/D44,0)<=0,0,ROUNDDOWN(G44/D44,0)),"")
A45: =IF(B45="","",ROW()-2) -> 43 | B45: PORT_ESC Assy | C45: HeatShrink Tube 4.8/1.2 | D45: 0.05 | E45: =IF(B45="","",VLOOKUP(C45,RM!$C$4:$F1003,3,FALSE)) -> #N/A | F45: =IF(B45="","",IFERROR(SUMIFS(Issue!$D$3:$D1013,Issue!$C$3:$C1013,'S-BOM'!$B45)*'S-BOM'!$D45,"")) -> 0 | G45: {=IFERROR(INDEX(#REF!,MATCH('S-BOM'!$C45,RM!$C$4:$C1003,0)),"")} | H45: =IFERROR(IF(ROUNDDOWN(G45/D45,0)<=0,0,ROUNDDOWN(G45/D45,0)),"")
A46: =IF(B46="","",ROW()-2) -> 44 | B46: PORT_ESC Assy | C46: HV130 ESC | D46: 1 | E46: =IF(B46="","",VLOOKUP(C46,RM!$C$4:$F1003,3,FALSE)) -> #N/A | F46: =IF(B46="","",IFERROR(SUMIFS(Issue!$D$3:$D1013,Issue!$C$3:$C1013,'S-BOM'!$B46)*'S-BOM'!$D46,"")) -> 0 | G46: {=IFERROR(INDEX(#REF!,MATCH('S-BOM'!$C46,RM!$C$4:$C1003,0)),"")} | H46: =IFERROR(IF(ROUNDDOWN(G46/D46,0)<=0,0,ROUNDDOWN(G46/D46,0)),"")
A47: =IF(B47="","",ROW()-2) -> 45 | B47: STBD Signal PM Assy | C47: 15 pin JST-XH housing | D47: 1 | E47: =IF(B47="","",VLOOKUP(C47,RM!$C$4:$F1003,3,FALSE)) -> #N/A | F47: =IF(B47="","",IFERROR(SUMIFS(Issue!$D$3:$D1013,Issue!$C$3:$C1013,'S-BOM'!$B47)*'S-BOM'!$D47,"")) -> 0 | G47: {=IFERROR(INDEX(#REF!,MATCH('S-BOM'!$C47,RM!$C$4:$C1003,0)),"")} | H47: =IFERROR(IF(ROUNDDOWN(G47/D47,0)<=0,0,ROUNDDOWN(G47/D47,0)),"")
A48: =IF(B48="","",ROW()-2) -> 46 | B48: STBD Signal PM Assy | C48: 10cm one sided JST crimped Black | D48: 1 | E48: =IF(B48="","",VLOOKUP(C48,RM!$C$4:$F1003,3,FALSE)) -> #N/A | F48: =IF(B48="","",IFERROR(SUMIFS(Issue!$D$3:$D1013,Issue!$C$3:$C1013,'S-BOM'!$B48)*'S-BOM'!$D48,"")) -> 0 | G48: {=IFERROR(INDEX(#REF!,MATCH('S-BOM'!$C48,RM!$C$4:$C1003,0)),"")} | H48: =IFERROR(IF(ROUNDDOWN(G48/D48,0)<=0,0,ROUNDDOWN(G48/D48,0)),"")
A49: =IF(B49="","",ROW()-2) -> 47 | B49: STBD Signal PM Assy | C49: 10cm one sided JST crimped Green | D49: 1 | E49: =IF(B49="","",VLOOKUP(C49,RM!$C$4:$F1003,3,FALSE)) -> #N/A | F49: =IF(B49="","",IFERROR(SUMIFS(Issue!$D$3:$D1013,Issue!$C$3:$C1013,'S-BOM'!$B49)*'S-BOM'!$D49,"")) -> 0 | G49: {=IFERROR(INDEX(#REF!,MATCH('S-BOM'!$C49,RM!$C$4:$C1003,0)),"")} | H49: =IFERROR(IF(ROUNDDOWN(G49/D49,0)<=0,0,ROUNDDOWN(G49/D49,0)),"")
A50: =IF(B50="","",ROW()-2) -> 48 | B50: STBD Signal PM Assy | C50: 10cm one sided JST crimped Voilet | D50: 1 | E50: =IF(B50="","",VLOOKUP(C50,RM!$C$4:$F1003,3,FALSE)) -> #N/A | F50: =IF(B50="","",IFERROR(SUMIFS(Issue!$D$3:$D1013,Issue!$C$3:$C1013,'S-BOM'!$B50)*'S-BOM'!$D50,"")) -> 0 | G50: {=IFERROR(INDEX(#REF!,MATCH('S-BOM'!$C50,RM!$C$4:$C1003,0)),"")} | H50: =IFERROR(IF(ROUNDDOWN(G50/D50,0)<=0,0,ROUNDDOWN(G50/D50,0)),"")
A51: =IF(B51="","",ROW()-2) -> 49 | B51: STBD Signal PM Assy | C51: 10cm one sided JST crimped Yellow | D51: 1 | E51: =IF(B51="","",VLOOKUP(C51,RM!$C$4:$F1003,3,FALSE)) -> #N/A | F51: =IF(B51="","",IFERROR(SUMIFS(Issue!$D$3:$D1013,Issue!$C$3:$C1013,'S-BOM'!$B51)*'S-BOM'!$D51,"")) -> 0 | G51: {=IFERROR(INDEX(#REF!,MATCH('S-BOM'!$C51,RM!$C$4:$C1003,0)),"")} | H51: =IFERROR(IF(ROUNDDOWN(G51/D51,0)<=0,0,ROUNDDOWN(G51/D51,0)),"")
A52: =IF(B52="","",ROW()-2) -> 50 | B52: STBD Signal PM Assy | C52: 10cm one sided JST crimped Sky Blue | D52: 1 | E52: =IF(B52="","",VLOOKUP(C52,RM!$C$4:$F1003,3,FALSE)) -> #N/A | F52: =IF(B52="","",IFERROR(SUMIFS(Issue!$D$3:$D1013,Issue!$C$3:$C1013,'S-BOM'!$B52)*'S-BOM'!$D52,"")) -> 0 | G52: {=IFERROR(INDEX(#REF!,MATCH('S-BOM'!$C52,RM!$C$4:$C1003,0)),"")} | H52: =IFERROR(IF(ROUNDDOWN(G52/D52,0)<=0,0,ROUNDDOWN(G52/D52,0)),"")
A53: =IF(B53="","",ROW()-2) -> 51 | B53: STBD Signal PM Assy | C53: 10cm one sided JST crimped Pink | D53: 1 | E53: =IF(B53="","",VLOOKUP(C53,RM!$C$4:$F1003,3,FALSE)) -> #N/A | F53: =IF(B53="","",IFERROR(SUMIFS(Issue!$D$3:$D1013,Issue!$C$3:$C1013,'S-BOM'!$B53)*'S-BOM'!$D53,"")) -> 0 | G53: {=IFERROR(INDEX(#REF!,MATCH('S-BOM'!$C53,RM!$C$4:$C1003,0)),"")} | H53: =IFERROR(IF(ROUNDDOWN(G53/D53,0)<=0,0,ROUNDDOWN(G53/D53,0)),"")
A54: =IF(B54="","",ROW()-2) -> 52 | B54: STBD Signal PM Assy | C54: 10cm one sided JST crimped Orange | D54: 1 | E54: =IF(B54="","",VLOOKUP(C54,RM!$C$4:$F1003,3,FALSE)) -> #N/A | F54: =IF(B54="","",IFERROR(SUMIFS(Issue!$D$3:$D1013,Issue!$C$3:$C1013,'S-BOM'!$B54)*'S-BOM'!$D54,"")) -> 0 | G54: {=IFERROR(INDEX(#REF!,MATCH('S-BOM'!$C54,RM!$C$4:$C1003,0)),"")} | H54: =IFERROR(IF(ROUNDDOWN(G54/D54,0)<=0,0,ROUNDDOWN(G54/D54,0)),"")
A55: =IF(B55="","",ROW()-2) -> 53 | B55: STBD Signal PM Assy | C55: 10cm one sided JST crimped Dark Blue | D55: 1 | E55: =IF(B55="","",VLOOKUP(C55,RM!$C$4:$F1003,3,FALSE)) -> #N/A | F55: =IF(B55="","",IFERROR(SUMIFS(Issue!$D$3:$D1013,Issue!$C$3:$C1013,'S-BOM'!$B55)*'S-BOM'!$D55,"")) -> 0 | G55: {=IFERROR(INDEX(#REF!,MATCH('S-BOM'!$C55,RM!$C$4:$C1003,0)),"")} | H55: =IFERROR(IF(ROUNDDOWN(G55/D55,0)<=0,0,ROUNDDOWN(G55/D55,0)),"")
A56: =IF(B56="","",ROW()-2) -> 54 | B56: STBD Signal PM Assy | C56: 10cm one sided JST crimped Light Brown | D56: 1 | E56: =IF(B56="","",VLOOKUP(C56,RM!$C$4:$F1003,3,FALSE)) -> #N/A | F56: =IF(B56="","",IFERROR(SUMIFS(Issue!$D$3:$D1013,Issue!$C$3:$C1013,'S-BOM'!$B56)*'S-BOM'!$D56,"")) -> 0 | G56: {=IFERROR(INDEX(#REF!,MATCH('S-BOM'!$C56,RM!$C$4:$C1003,0)),"")} | H56: =IFERROR(IF(ROUNDDOWN(G56/D56,0)<=0,0,ROUNDDOWN(G56/D56,0)),"")
A57: =IF(B57="","",ROW()-2) -> 55 | B57: STBD Signal PM Assy | C57: 10cm one sided JST crimped Dark Brown | D57: 1 | E57: =IF(B57="","",VLOOKUP(C57,RM!$C$4:$F1003,3,FALSE)) -> #N/A | F57: =IF(B57="","",IFERROR(SUMIFS(Issue!$D$3:$D1013,Issue!$C$3:$C1013,'S-BOM'!$B57)*'S-BOM'!$D57,"")) -> 0 | G57: {=IFERROR(INDEX(#REF!,MATCH('S-BOM'!$C57,RM!$C$4:$C1003,0)),"")} | H57: =IFERROR(IF(ROUNDDOWN(G57/D57,0)<=0,0,ROUNDDOWN(G57/D57,0)),"")
A58: =IF(B58="","",ROW()-2) -> 56 | B58: STBD Signal PM Assy | C58: 10cm one sided JST crimped White with Red strip | D58: 1 | E58: =IF(B58="","",VLOOKUP(C58,RM!$C$4:$F1003,3,FALSE)) -> #N/A | F58: =IF(B58="","",IFERROR(SUMIFS(Issue!$D$3:$D1013,Issue!$C$3:$C1013,'S-BOM'!$B58)*'S-BOM'!$D58,"")) -> 0 | G58: {=IFERROR(INDEX(#REF!,MATCH('S-BOM'!$C58,RM!$C$4:$C1003,0)),"")} | H58: =IFERROR(IF(ROUNDDOWN(G58/D58,0)<=0,0,ROUNDDOWN(G58/D58,0)),"")
A59: =IF(B59="","",ROW()-2) -> 57 | B59: STBD Signal PM Assy | C59: 10cm one sided JST crimped White with black strip | D59: 1 | E59: =IF(B59="","",VLOOKUP(C59,RM!$C$4:$F1003,3,FALSE)) -> #N/A | F59: =IF(B59="","",IFERROR(SUMIFS(Issue!$D$3:$D1013,Issue!$C$3:$C1013,'S-BOM'!$B59)*'S-BOM'!$D59,"")) -> 0 | G59: {=IFERROR(INDEX(#REF!,MATCH('S-BOM'!$C59,RM!$C$4:$C1003,0)),"")} | H59: =IFERROR(IF(ROUNDDOWN(G59/D59,0)<=0,0,ROUNDDOWN(G59/D59,0)),"")
A60: =IF(B60="","",ROW()-2) -> 58 | B60: STBD Signal PM Assy | C60: 10cm one sided JST crimped White | D60: 1 | E60: =IF(B60="","",VLOOKUP(C60,RM!$C$4:$F1003,3,FALSE)) -> #N/A | F60: =IF(B60="","",IFERROR(SUMIFS(Issue!$D$3:$D1013,Issue!$C$3:$C1013,'S-BOM'!$B60)*'S-BOM'!$D60,"")) -> 0 | G60: {=IFERROR(INDEX(#REF!,MATCH('S-BOM'!$C60,RM!$C$4:$C1003,0)),"")} | H60: =IFERROR(IF(ROUNDDOWN(G60/D60,0)<=0,0,ROUNDDOWN(G60/D60,0)),"")
A61: =IF(B61="","",ROW()-2) -> 59 | B61: STBD Signal PM Assy | C61: 10cm one sided JST crimped Red | D61: 1 | E61: =IF(B61="","",VLOOKUP(C61,RM!$C$4:$F1003,3,FALSE)) -> #N/A | F61: =IF(B61="","",IFERROR(SUMIFS(Issue!$D$3:$D1013,Issue!$C$3:$C1013,'S-BOM'!$B61)*'S-BOM'!$D61,"")) -> 0 | G61: {=IFERROR(INDEX(#REF!,MATCH('S-BOM'!$C61,RM!$C$4:$C1003,0)),"")} | H61: =IFERROR(IF(ROUNDDOWN(G61/D61,0)<=0,0,ROUNDDOWN(G61/D61,0)),"")
A62: =IF(B62="","",ROW()-2) -> 60 | B62: STBD Signal PM Assy | C62: SY21-15 pin panel mount | D62: 1 | E62: =IF(B62="","",VLOOKUP(C62,RM!$C$4:$F1003,3,FALSE)) -> #N/A | F62: =IF(B62="","",IFERROR(SUMIFS(Issue!$D$3:$D1013,Issue!$C$3:$C1013,'S-BOM'!$B62)*'S-BOM'!$D62,"")) -> 0 | G62: {=IFERROR(INDEX(#REF!,MATCH('S-BOM'!$C62,RM!$C$4:$C1003,0)),"")} | H62: =IFERROR(IF(ROUNDDOWN(G62/D62,0)<=0,0,ROUNDDOWN(G62/D62,0)),"")
A63: =IF(B63="","",ROW()-2) -> 61 | B63: STBD Signal PM Assy | C63: HeatShrink Tube 1.5mm/1.6mm | D63: 0.15 | E63: =IF(B63="","",VLOOKUP(C63,RM!$C$4:$F1003,3,FALSE)) -> 0 | F63: =IF(B63="","",IFERROR(SUMIFS(Issue!$D$3:$D1013,Issue!$C$3:$C1013,'S-BOM'!$B63)*'S-BOM'!$D63,"")) -> 0 | G63: {=IFERROR(INDEX(#REF!,MATCH('S-BOM'!$C63,RM!$C$4:$C1003,0)),"")} | H63: =IFERROR(IF(ROUNDDOWN(G63/D63,0)<=0,0,ROUNDDOWN(G63/D63,0)),"")
A64: =IF(B64="","",ROW()-2) -> 62 | B64: STBD Signal PM Assy | C64: Teroson MS930 | D64: 2 | E64: =IF(B64="","",VLOOKUP(C64,RM!$C$4:$F1003,3,FALSE)) -> #N/A | F64: =IF(B64="","",IFERROR(SUMIFS(Issue!$D$3:$D1013,Issue!$C$3:$C1013,'S-BOM'!$B64)*'S-BOM'!$D64,"")) -> 0 | G64: {=IFERROR(INDEX(#REF!,MATCH('S-BOM'!$C64,RM!$C$4:$C1003,0)),"")} | H64: =IFERROR(IF(ROUNDDOWN(G64/D64,0)<=0,0,ROUNDDOWN(G64/D64,0)),"")
A65: =IF(B65="","",ROW()-2) -> 63 | B65: STBD Signal PM Assy | C65: Silicon RTV 734 Potting compound | D65: 5 | E65: =IF(B65="","",VLOOKUP(C65,RM!$C$4:$F1003,3,FALSE)) -> #N/A | F65: =IF(B65="","",IFERROR(SUMIFS(Issue!$D$3:$D1013,Issue!$C$3:$C1013,'S-BOM'!$B65)*'S-BOM'!$D65,"")) -> 0 | G65: {=IFERROR(INDEX(#REF!,MATCH('S-BOM'!$C65,RM!$C$4:$C1003,0)),"")} | H65: =IFERROR(IF(ROUNDDOWN(G65/D65,0)<=0,0,ROUNDDOWN(G65/D65,0)),"")
A66: =IF(B66="","",ROW()-2) -> 64 | B66: STBD Signal PM Assy | C66: Lead wire 22AWG | D66: 5 | E66: =IF(B66="","",VLOOKUP(C66,RM!$C$4:$F1003,3,FALSE)) -> 0 | F66: =IF(B66="","",IFERROR(SUMIFS(Issue!$D$3:$D1013,Issue!$C$3:$C1013,'S-BOM'!$B66)*'S-BOM'!$D66,"")) -> 0 | G66: {=IFERROR(INDEX(#REF!,MATCH('S-BOM'!$C66,RM!$C$4:$C1003,0)),"")} | H66: =IFERROR(IF(ROUNDDOWN(G66/D66,0)<=0,0,ROUNDDOWN(G66/D66,0)),"")
A67: =IF(B67="","",ROW()-2) -> 65 | B67: PORT Signal PM Assy | C67: 15 pin JST-XH housing | D67: 1 | E67: =IF(B67="","",VLOOKUP(C67,RM!$C$4:$F1003,3,FALSE)) -> #N/A | F67: =IF(B67="","",IFERROR(SUMIFS(Issue!$D$3:$D1013,Issue!$C$3:$C1013,'S-BOM'!$B67)*'S-BOM'!$D67,"")) -> 0 | G67: {=IFERROR(INDEX(#REF!,MATCH('S-BOM'!$C67,RM!$C$4:$C1003,0)),"")} | H67: =IFERROR(IF(ROUNDDOWN(G67/D67,0)<=0,0,ROUNDDOWN(G67/D67,0)),"")
A68: =IF(B68="","",ROW()-2) -> 66 | B68: PORT Signal PM Assy | C68: 10cm one sided JST crimped Black | D68: 1 | E68: =IF(B68="","",VLOOKUP(C68,RM!$C$4:$F1003,3,FALSE)) -> #N/A | F68: =IF(B68="","",IFERROR(SUMIFS(Issue!$D$3:$D1013,Issue!$C$3:$C1013,'S-BOM'!$B68)*'S-BOM'!$D68,"")) -> 0 | G68: {=IFERROR(INDEX(#REF!,MATCH('S-BOM'!$C68,RM!$C$4:$C1003,0)),"")} | H68: =IFERROR(IF(ROUNDDOWN(G68/D68,0)<=0,0,ROUNDDOWN(G68/D68,0)),"")
A69: =IF(B69="","",ROW()-2) -> 67 | B69: PORT Signal PM Assy | C69: 10cm one sided JST crimped Green | D69: 1 | E69: =IF(B69="","",VLOOKUP(C69,RM!$C$4:$F1003,3,FALSE)) -> #N/A | F69: =IF(B69="","",IFERROR(SUMIFS(Issue!$D$3:$D1013,Issue!$C$3:$C1013,'S-BOM'!$B69)*'S-BOM'!$D69,"")) -> 0 | G69: {=IFERROR(INDEX(#REF!,MATCH('S-BOM'!$C69,RM!$C$4:$C1003,0)),"")} | H69: =IFERROR(IF(ROUNDDOWN(G69/D69,0)<=0,0,ROUNDDOWN(G69/D69,0)),"")
A70: =IF(B70="","",ROW()-2) -> 68 | B70: PORT Signal PM Assy | C70: 10cm one sided JST crimped Voilet | D70: 1 | E70: =IF(B70="","",VLOOKUP(C70,RM!$C$4:$F1003,3,FALSE)) -> #N/A | F70: =IF(B70="","",IFERROR(SUMIFS(Issue!$D$3:$D1013,Issue!$C$3:$C1013,'S-BOM'!$B70)*'S-BOM'!$D70,"")) -> 0 | G70: {=IFERROR(INDEX(#REF!,MATCH('S-BOM'!$C70,RM!$C$4:$C1003,0)),"")} | H70: =IFERROR(IF(ROUNDDOWN(G70/D70,0)<=0,0,ROUNDDOWN(G70/D70,0)),"")
A71: =IF(B71="","",ROW()-2) -> 69 | B71: PORT Signal PM Assy | C71: 10cm one sided JST crimped Yellow | D71: 1 | E71: =IF(B71="","",VLOOKUP(C71,RM!$C$4:$F1003,3,FALSE)) -> #N/A | F71: =IF(B71="","",IFERROR(SUMIFS(Issue!$D$3:$D1013,Issue!$C$3:$C1013,'S-BOM'!$B71)*'S-BOM'!$D71,"")) -> 0 | G71: {=IFERROR(INDEX(#REF!,MATCH('S-BOM'!$C71,RM!$C$4:$C1003,0)),"")} | H71: =IFERROR(IF(ROUNDDOWN(G71/D71,0)<=0,0,ROUNDDOWN(G71/D71,0)),"")
A72: =IF(B72="","",ROW()-2) -> 70 | B72: PORT Signal PM Assy | C72: 10cm one sided JST crimped Sky Blue | D72: 1 | E72: =IF(B72="","",VLOOKUP(C72,RM!$C$4:$F1003,3,FALSE)) -> #N/A | F72: =IF(B72="","",IFERROR(SUMIFS(Issue!$D$3:$D1013,Issue!$C$3:$C1013,'S-BOM'!$B72)*'S-BOM'!$D72,"")) -> 0 | G72: {=IFERROR(INDEX(#REF!,MATCH('S-BOM'!$C72,RM!$C$4:$C1003,0)),"")} | H72: =IFERROR(IF(ROUNDDOWN(G72/D72,0)<=0,0,ROUNDDOWN(G72/D72,0)),"")
A73: =IF(B73="","",ROW()-2) -> 71 | B73: PORT Signal PM Assy | C73: 10cm one sided JST crimped Pink | D73: 1 | E73: =IF(B73="","",VLOOKUP(C73,RM!$C$4:$F1003,3,FALSE)) -> #N/A | F73: =IF(B73="","",IFERROR(SUMIFS(Issue!$D$3:$D1013,Issue!$C$3:$C1013,'S-BOM'!$B73)*'S-BOM'!$D73,"")) -> 0 | G73: {=IFERROR(INDEX(#REF!,MATCH('S-BOM'!$C73,RM!$C$4:$C1003,0)),"")} | H73: =IFERROR(IF(ROUNDDOWN(G73/D73,0)<=0,0,ROUNDDOWN(G73/D73,0)),"")
A74: =IF(B74="","",ROW()-2) -> 72 | B74: PORT Signal PM Assy | C74: 10cm one sided JST crimped Orange | D74: 1 | E74: =IF(B74="","",VLOOKUP(C74,RM!$C$4:$F1003,3,FALSE)) -> #N/A | F74: =IF(B74="","",IFERROR(SUMIFS(Issue!$D$3:$D1013,Issue!$C$3:$C1013,'S-BOM'!$B74)*'S-BOM'!$D74,"")) -> 0 | G74: {=IFERROR(INDEX(#REF!,MATCH('S-BOM'!$C74,RM!$C$4:$C1003,0)),"")} | H74: =IFERROR(IF(ROUNDDOWN(G74/D74,0)<=0,0,ROUNDDOWN(G74/D74,0)),"")
A75: =IF(B75="","",ROW()-2) -> 73 | B75: PORT Signal PM Assy | C75: 10cm one sided JST crimped Dark Blue | D75: 1 | E75: =IF(B75="","",VLOOKUP(C75,RM!$C$4:$F1003,3,FALSE)) -> #N/A | F75: =IF(B75="","",IFERROR(SUMIFS(Issue!$D$3:$D1013,Issue!$C$3:$C1013,'S-BOM'!$B75)*'S-BOM'!$D75,"")) -> 0 | G75: {=IFERROR(INDEX(#REF!,MATCH('S-BOM'!$C75,RM!$C$4:$C1003,0)),"")} | H75: =IFERROR(IF(ROUNDDOWN(G75/D75,0)<=0,0,ROUNDDOWN(G75/D75,0)),"")
A76: =IF(B76="","",ROW()-2) -> 74 | B76: PORT Signal PM Assy | C76: 10cm one sided JST crimped Light Brown | D76: 1 | E76: =IF(B76="","",VLOOKUP(C76,RM!$C$4:$F1003,3,FALSE)) -> #N/A | F76: =IF(B76="","",IFERROR(SUMIFS(Issue!$D$3:$D1013,Issue!$C$3:$C1013,'S-BOM'!$B76)*'S-BOM'!$D76,"")) -> 0 | G76: {=IFERROR(INDEX(#REF!,MATCH('S-BOM'!$C76,RM!$C$4:$C1003,0)),"")} | H76: =IFERROR(IF(ROUNDDOWN(G76/D76,0)<=0,0,ROUNDDOWN(G76/D76,0)),"")
A77: =IF(B77="","",ROW()-2) -> 75 | B77: PORT Signal PM Assy | C77: 10cm one sided JST crimped Dark Brown | D77: 1 | E77: =IF(B77="","",VLOOKUP(C77,RM!$C$4:$F1003,3,FALSE)) -> #N/A | F77: =IF(B77="","",IFERROR(SUMIFS(Issue!$D$3:$D1013,Issue!$C$3:$C1013,'S-BOM'!$B77)*'S-BOM'!$D77,"")) -> 0 | G77: {=IFERROR(INDEX(#REF!,MATCH('S-BOM'!$C77,RM!$C$4:$C1003,0)),"")} | H77: =IFERROR(IF(ROUNDDOWN(G77/D77,0)<=0,0,ROUNDDOWN(G77/D77,0)),"")
A78: =IF(B78="","",ROW()-2) -> 76 | B78: PORT Signal PM Assy | C78: 10cm one sided JST crimped White with Red strip | D78: 1 | E78: =IF(B78="","",VLOOKUP(C78,RM!$C$4:$F1003,3,FALSE)) -> #N/A | F78: =IF(B78="","",IFERROR(SUMIFS(Issue!$D$3:$D1013,Issue!$C$3:$C1013,'S-BOM'!$B78)*'S-BOM'!$D78,"")) -> 0 | G78: {=IFERROR(INDEX(#REF!,MATCH('S-BOM'!$C78,RM!$C$4:$C1003,0)),"")} | H78: =IFERROR(IF(ROUNDDOWN(G78/D78,0)<=0,0,ROUNDDOWN(G78/D78,0)),"")
A79: =IF(B79="","",ROW()-2) -> 77 | B79: PORT Signal PM Assy | C79: 10cm one sided JST crimped White with black strip | D79: 1 | E79: =IF(B79="","",VLOOKUP(C79,RM!$C$4:$F1003,3,FALSE)) -> #N/A | F79: =IF(B79="","",IFERROR(SUMIFS(Issue!$D$3:$D1013,Issue!$C$3:$C1013,'S-BOM'!$B79)*'S-BOM'!$D79,"")) -> 0 | G79: {=IFERROR(INDEX(#REF!,MATCH('S-BOM'!$C79,RM!$C$4:$C1003,0)),"")} | H79: =IFERROR(IF(ROUNDDOWN(G79/D79,0)<=0,0,ROUNDDOWN(G79/D79,0)),"")
A80: =IF(B80="","",ROW()-2) -> 78 | B80: PORT Signal PM Assy | C80: 10cm one sided JST crimped White | D80: 1 | E80: =IF(B80="","",VLOOKUP(C80,RM!$C$4:$F1003,3,FALSE)) -> #N/A | F80: =IF(B80="","",IFERROR(SUMIFS(Issue!$D$3:$D1013,Issue!$C$3:$C1013,'S-BOM'!$B80)*'S-BOM'!$D80,"")) -> 0 | G80: {=IFERROR(INDEX(#REF!,MATCH('S-BOM'!$C80,RM!$C$4:$C1003,0)),"")} | H80: =IFERROR(IF(ROUNDDOWN(G80/D80,0)<=0,0,ROUNDDOWN(G80/D80,0)),"")
A81: =IF(B81="","",ROW()-2) -> 79 | B81: PORT Signal PM Assy | C81: 10cm one sided JST crimped Dark Parrot Green | D81: 1 | E81: =IF(B81="","",VLOOKUP(C81,RM!$C$4:$F1003,3,FALSE)) -> #N/A | F81: =IF(B81="","",IFERROR(SUMIFS(Issue!$D$3:$D1013,Issue!$C$3:$C1013,'S-BOM'!$B81)*'S-BOM'!$D81,"")) -> 0 | G81: {=IFERROR(INDEX(#REF!,MATCH('S-BOM'!$C81,RM!$C$4:$C1003,0)),"")} | H81: =IFERROR(IF(ROUNDDOWN(G81/D81,0)<=0,0,ROUNDDOWN(G81/D81,0)),"")
A82: =IF(B82="","",ROW()-2) -> 80 | B82: PORT Signal PM Assy | C82: SY21-15 pin panel mount | D82: 1 | E82: =IF(B82="","",VLOOKUP(C82,RM!$C$4:$F1003,3,FALSE)) -> #N/A | F82: =IF(B82="","",IFERROR(SUMIFS(Issue!$D$3:$D1013,Issue!$C$3:$C1013,'S-BOM'!$B82)*'S-BOM'!$D82,"")) -> 0 | G82: {=IFERROR(INDEX(#REF!,MATCH('S-BOM'!$C82,RM!$C$4:$C1003,0)),"")} | H82: =IFERROR(IF(ROUNDDOWN(G82/D82,0)<=0,0,ROUNDDOWN(G82/D82,0)),"")
A83: =IF(B83="","",ROW()-2) -> 81 | B83: PORT Signal PM Assy | C83: HeatShrink Tube 1.5mm/1.6mm | D83: 0.15 | E83: =IF(B83="","",VLOOKUP(C83,RM!$C$4:$F1003,3,FALSE)) -> 0 | F83: =IF(B83="","",IFERROR(SUMIFS(Issue!$D$3:$D1013,Issue!$C$3:$C1013,'S-BOM'!$B83)*'S-BOM'!$D83,"")) -> 0 | G83: {=IFERROR(INDEX(#REF!,MATCH('S-BOM'!$C83,RM!$C$4:$C1003,0)),"")} | H83: =IFERROR(IF(ROUNDDOWN(G83/D83,0)<=0,0,ROUNDDOWN(G83/D83,0)),"")
A84: =IF(B84="","",ROW()-2) -> 82 | B84: PORT Signal PM Assy | C84: Teroson MS930 | D84: 2 | E84: =IF(B84="","",VLOOKUP(C84,RM!$C$4:$F1003,3,FALSE)) -> #N/A | F84: =IF(B84="","",IFERROR(SUMIFS(Issue!$D$3:$D1013,Issue!$C$3:$C1013,'S-BOM'!$B84)*'S-BOM'!$D84,"")) -> 0 | G84: {=IFERROR(INDEX(#REF!,MATCH('S-BOM'!$C84,RM!$C$4:$C1003,0)),"")} | H84: =IFERROR(IF(ROUNDDOWN(G84/D84,0)<=0,0,ROUNDDOWN(G84/D84,0)),"")
A85: =IF(B85="","",ROW()-2) -> 83 | B85: PORT Signal PM Assy | C85: Silicon RTV 734 Potting compound | D85: 5 | E85: =IF(B85="","",VLOOKUP(C85,RM!$C$4:$F1003,3,FALSE)) -> #N/A | F85: =IF(B85="","",IFERROR(SUMIFS(Issue!$D$3:$D1013,Issue!$C$3:$C1013,'S-BOM'!$B85)*'S-BOM'!$D85,"")) -> 0 | G85: {=IFERROR(INDEX(#REF!,MATCH('S-BOM'!$C85,RM!$C$4:$C1003,0)),"")} | H85: =IFERROR(IF(ROUNDDOWN(G85/D85,0)<=0,0,ROUNDDOWN(G85/D85,0)),"")
A86: =IF(B86="","",ROW()-2) -> 84 | B86: PORT Signal PM Assy | C86: Lead wire 22AWG | D86: 5 | E86: =IF(B86="","",VLOOKUP(C86,RM!$C$4:$F1003,3,FALSE)) -> 0 | F86: =IF(B86="","",IFERROR(SUMIFS(Issue!$D$3:$D1013,Issue!$C$3:$C1013,'S-BOM'!$B86)*'S-BOM'!$D86,"")) -> 0 | G86: {=IFERROR(INDEX(#REF!,MATCH('S-BOM'!$C86,RM!$C$4:$C1003,0)),"")} | H86: =IFERROR(IF(ROUNDDOWN(G86/D86,0)<=0,0,ROUNDDOWN(G86/D86,0)),"")
A87: =IF(B87="","",ROW()-2) -> 85 | B87: STBD Signal CM Assy | C87: 2mm male bullet connector | D87: 0 | E87: =IF(B87="","",VLOOKUP(C87,RM!$C$4:$F1003,3,FALSE)) -> #N/A | F87: =IF(B87="","",IFERROR(SUMIFS(Issue!$D$3:$D1013,Issue!$C$3:$C1013,'S-BOM'!$B87)*'S-BOM'!$D87,"")) -> 0 | G87: {=IFERROR(INDEX(#REF!,MATCH('S-BOM'!$C87,RM!$C$4:$C1003,0)),"")} | H87: =IFERROR(IF(ROUNDDOWN(G87/D87,0)<=0,0,ROUNDDOWN(G87/D87,0)),"")
A88: =IF(B88="","",ROW()-2) -> 86 | B88: STBD Signal CM Assy | C88: 2mm Female Bullet connector | D88: 0 | E88: =IF(B88="","",VLOOKUP(C88,RM!$C$4:$F1003,3,FALSE)) -> #N/A | F88: =IF(B88="","",IFERROR(SUMIFS(Issue!$D$3:$D1013,Issue!$C$3:$C1013,'S-BOM'!$B88)*'S-BOM'!$D88,"")) -> 0 | G88: {=IFERROR(INDEX(#REF!,MATCH('S-BOM'!$C88,RM!$C$4:$C1003,0)),"")} | H88: =IFERROR(IF(ROUNDDOWN(G88/D88,0)<=0,0,ROUNDDOWN(G88/D88,0)),"")
A89: =IF(B89="","",ROW()-2) -> 87 | B89: STBD Signal CM Assy | C89: Lead wire 22AWG | D89: 5 | E89: =IF(B89="","",VLOOKUP(C89,RM!$C$4:$F1003,3,FALSE)) -> 0 | F89: =IF(B89="","",IFERROR(SUMIFS(Issue!$D$3:$D1013,Issue!$C$3:$C1013,'S-BOM'!$B89)*'S-BOM'!$D89,"")) -> 0 | G89: {=IFERROR(INDEX(#REF!,MATCH('S-BOM'!$C89,RM!$C$4:$C1003,0)),"")} | H89: =IFERROR(IF(ROUNDDOWN(G89/D89,0)<=0,0,ROUNDDOWN(G89/D89,0)),"")
A90: =IF(B90="","",ROW()-2) -> 88 | B90: STBD Signal CM Assy | C90: Soldering flux | D90: 2 | E90: =IF(B90="","",VLOOKUP(C90,RM!$C$4:$F1003,3,FALSE)) -> 0 | F90: =IF(B90="","",IFERROR(SUMIFS(Issue!$D$3:$D1013,Issue!$C$3:$C1013,'S-BOM'!$B90)*'S-BOM'!$D90,"")) -> 0 | G90: {=IFERROR(INDEX(#REF!,MATCH('S-BOM'!$C90,RM!$C$4:$C1003,0)),"")} | H90: =IFERROR(IF(ROUNDDOWN(G90/D90,0)<=0,0,ROUNDDOWN(G90/D90,0)),"")
A91: =IF(B91="","",ROW()-2) -> 89 | B91: STBD Signal CM Assy | C91: LM61 Temperature Sensor | D91: 1 | E91: =IF(B91="","",VLOOKUP(C91,RM!$C$4:$F1003,3,FALSE)) -> LM61BIZ/NOPB | F91: =IF(B91="","",IFERROR(SUMIFS(Issue!$D$3:$D1013,Issue!$C$3:$C1013,'S-BOM'!$B91)*'S-BOM'!$D91,"")) -> 0 | G91: {=IFERROR(INDEX(#REF!,MATCH('S-BOM'!$C91,RM!$C$4:$C1003,0)),"")} | H91: =IFERROR(IF(ROUNDDOWN(G91/D91,0)<=0,0,ROUNDDOWN(G91/D91,0)),"")
A92: =IF(B92="","",ROW()-2) -> 90 | B92: STBD Signal CM Assy | C92: 20Core Wire 14/38 | D92: 0.85 | E92: =IF(B92="","",VLOOKUP(C92,RM!$C$4:$F1003,3,FALSE)) -> #N/A | F92: =IF(B92="","",IFERROR(SUMIFS(Issue!$D$3:$D1013,Issue!$C$3:$C1013,'S-BOM'!$B92)*'S-BOM'!$D92,"")) -> 0 | G92: {=IFERROR(INDEX(#REF!,MATCH('S-BOM'!$C92,RM!$C$4:$C1003,0)),"")} | H92: =IFERROR(IF(ROUNDDOWN(G92/D92,0)<=0,0,ROUNDDOWN(G92/D92,0)),"")
A93: =IF(B93="","",ROW()-2) -> 91 | B93: STBD Signal CM Assy | C93: Red 14/38 wire | D93: 0.15 | E93: =IF(B93="","",VLOOKUP(C93,RM!$C$4:$F1003,3,FALSE)) -> 0 | F93: =IF(B93="","",IFERROR(SUMIFS(Issue!$D$3:$D1013,Issue!$C$3:$C1013,'S-BOM'!$B93)*'S-BOM'!$D93,"")) -> 0 | G93: {=IFERROR(INDEX(#REF!,MATCH('S-BOM'!$C93,RM!$C$4:$C1003,0)),"")} | H93: =IFERROR(IF(ROUNDDOWN(G93/D93,0)<=0,0,ROUNDDOWN(G93/D93,0)),"")
A94: =IF(B94="","",ROW()-2) -> 92 | B94: STBD Signal CM Assy | C94: SY21-15 pin Cable Mount | D94: 1 | E94: =IF(B94="","",VLOOKUP(C94,RM!$C$4:$F1003,3,FALSE)) -> #N/A | F94: =IF(B94="","",IFERROR(SUMIFS(Issue!$D$3:$D1013,Issue!$C$3:$C1013,'S-BOM'!$B94)*'S-BOM'!$D94,"")) -> 0 | G94: {=IFERROR(INDEX(#REF!,MATCH('S-BOM'!$C94,RM!$C$4:$C1003,0)),"")} | H94: =IFERROR(IF(ROUNDDOWN(G94/D94,0)<=0,0,ROUNDDOWN(G94/D94,0)),"")
A95: =IF(B95="","",ROW()-2) -> 93 | B95: STBD Signal CM Assy | C95: BlueRobotics Leak | D95: 1 | E95: =IF(B95="","",VLOOKUP(C95,RM!$C$4:$F1003,3,FALSE)) -> #N/A | F95: =IF(B95="","",IFERROR(SUMIFS(Issue!$D$3:$D1013,Issue!$C$3:$C1013,'S-BOM'!$B95)*'S-BOM'!$D95,"")) -> 0 | G95: {=IFERROR(INDEX(#REF!,MATCH('S-BOM'!$C95,RM!$C$4:$C1003,0)),"")} | H95: =IFERROR(IF(ROUNDDOWN(G95/D95,0)<=0,0,ROUNDDOWN(G95/D95,0)),"")
A96: =IF(B96="","",ROW()-2) -> 94 | B96: STBD Signal CM Assy | C96: HeatShrink Tube 4:1 | D96: 0.05 | E96: =IF(B96="","",VLOOKUP(C96,RM!$C$4:$F1003,3,FALSE)) -> #N/A | F96: =IF(B96="","",IFERROR(SUMIFS(Issue!$D$3:$D1013,Issue!$C$3:$C1013,'S-BOM'!$B96)*'S-BOM'!$D96,"")) -> 0 | G96: {=IFERROR(INDEX(#REF!,MATCH('S-BOM'!$C96,RM!$C$4:$C1003,0)),"")} | H96: =IFERROR(IF(ROUNDDOWN(G96/D96,0)<=0,0,ROUNDDOWN(G96/D96,0)),"")
A97: =IF(B97="","",ROW()-2) -> 95 | B97: STBD Signal CM Assy | C97: HeatShrink Tube 12:3 | D97: 0.1 | E97: =IF(B97="","",VLOOKUP(C97,RM!$C$4:$F1003,3,FALSE)) -> #N/A | F97: =IF(B97="","",IFERROR(SUMIFS(Issue!$D$3:$D1013,Issue!$C$3:$C1013,'S-BOM'!$B97)*'S-BOM'!$D97,"")) -> 0 | G97: {=IFERROR(INDEX(#REF!,MATCH('S-BOM'!$C97,RM!$C$4:$C1003,0)),"")} | H97: =IFERROR(IF(ROUNDDOWN(G97/D97,0)<=0,0,ROUNDDOWN(G97/D97,0)),"")
A98: =IF(B98="","",ROW()-2) -> 96 | B98: STBD Signal CM Assy | C98: HeatShrink Tube 1.5mm/1.6mm | D98: 0.15 | E98: =IF(B98="","",VLOOKUP(C98,RM!$C$4:$F1003,3,FALSE)) -> 0 | F98: =IF(B98="","",IFERROR(SUMIFS(Issue!$D$3:$D1013,Issue!$C$3:$C1013,'S-BOM'!$B98)*'S-BOM'!$D98,"")) -> 0 | G98: {=IFERROR(INDEX(#REF!,MATCH('S-BOM'!$C98,RM!$C$4:$C1003,0)),"")} | H98: =IFERROR(IF(ROUNDDOWN(G98/D98,0)<=0,0,ROUNDDOWN(G98/D98,0)),"")
A99: =IF(B99="","",ROW()-2) -> 97 | B99: STBD Signal CM Assy | C99: 1uF 0805 PANASONIC | D99: 1 | E99: =IF(B99="","",VLOOKUP(C99,RM!$C$4:$F1003,3,FALSE)) -> GCM21BR71E105KA56L | F99: =IF(B99="","",IFERROR(SUMIFS(Issue!$D$3:$D1013,Issue!$C$3:$C1013,'S-BOM'!$B99)*'S-BOM'!$D99,"")) -> 0 | G99: {=IFERROR(INDEX(#REF!,MATCH('S-BOM'!$C99,RM!$C$4:$C1003,0)),"")} | H99: =IFERROR(IF(ROUNDDOWN(G99/D99,0)<=0,0,ROUNDDOWN(G99/D99,0)),"")
A100: =IF(B100="","",ROW()-2) -> 98 | B100: STBD Signal CM Assy | C100: HeatShrink Tube 3:1 | D100: 0.1 | E100: =IF(B100="","",VLOOKUP(C100,RM!$C$4:$F1003,3,FALSE)) -> #N/A | F100: =IF(B100="","",IFERROR(SUMIFS(Issue!$D$3:$D1013,Issue!$C$3:$C1013,'S-BOM'!$B100)*'S-BOM'!$D100,"")) -> 0 | G100: {=IFERROR(INDEX(#REF!,MATCH('S-BOM'!$C100,RM!$C$4:$C1003,0)),"")} | H100: =IFERROR(IF(ROUNDDOWN(G100/D100,0)<=0,0,ROUNDDOWN(G100/D100,0)),"")
...

Sheet MRP
B1: MATERIAL REQUIREMENT PLANNING | I1: Proc Budget | J1: =SUMPRODUCT($G$3:$G1497,$I$3:$I1497) -> 0
B2: RAW MATERIAL | C2: PROJECTED | D2: PENDING | E2: IN STOCK | F2: ISSUED | G2: TO ORDER | H2: UNIT | I2: COST | J2: SUPPLIER
B3: =IFERROR(__xludf.DUMMYFUNCTION("SORT(FILTER(MRPback!$X$2:$AF1497,MRPback!$X$2:$X1497<>"""",MRPback!$AC$2:$AC1497>0),8,FALSE,2,FALSE)"),"#N/A") -> #N/A

Sheet Supplier MRP
A1: SUPPLIER - MATERIAL REQUIREMENT PLANNING
A2: SUPPLIER | B2: Robu / Vyom | H2: ORDER VALUE | J2: =SUMPRODUCT($G$4:$G994,$I$4:$I994) -> 0
A3: SL NO | B3: COMPONENTS / SUB-ASSEMBLY | C3: MOVED TO SITE | D3: REQUIRED | E3: PENDING | F3: IN STOCK | G3: TO ORDER | H3: UNIT | I3: COST | J3: SUPPLIER | K3: SERVICE PROVIDER | L3: PDF | M3: DXF | N3: SUPPLIER NOTES
A4: =IF(B4="","",ROW()-3) -> 1 | B4: =IFERROR(__xludf.DUMMYFUNCTION("SORT(FILTER(MRP!B3:J994,MRP!J3:J994=B2),6,false)"),"#N/A") -> #N/A | L4: =IF(B4="","", VLOOKUP(B4,RM!$C$4:$G984,10,FALSE)) -> #N/A | M4: =IF(B4="","", VLOOKUP(B4,RM!$C$4:$G984,11,FALSE)) -> #N/A | N4: =IF(B4="","", VLOOKUP(B4,RM!$C$4:$G984,12,FALSE)) -> #N/A
A5: =IF(B5="","",ROW()-3) | L5: =IF(B5="","", VLOOKUP(B5,RM!$C$4:$G984,10,FALSE)) | M5: =IF(B5="","", VLOOKUP(B5,RM!$C$4:$G984,11,FALSE)) | N5: =IF(B5="","", VLOOKUP(B5,RM!$C$4:$G984,12,FALSE))
A6: =IF(B6="","",ROW()-3) | L6: =IF(B6="","", VLOOKUP(B6,RM!$C$4:$G984,10,FALSE)) | M6: =IF(B6="","", VLOOKUP(B6,RM!$C$4:$G984,11,FALSE)) | N6: =IF(B6="","", VLOOKUP(B6,RM!$C$4:$G984,12,FALSE))
A7: =IF(B7="","",ROW()-3) | L7: =IF(B7="","", VLOOKUP(B7,RM!$C$4:$G984,10,FALSE)) | M7: =IF(B7="","", VLOOKUP(B7,RM!$C$4:$G984,11,FALSE)) | N7: =IF(B7="","", VLOOKUP(B7,RM!$C$4:$G984,12,FALSE))
A8: =IF(B8="","",ROW()-3) | L8: =IF(B8="","", VLOOKUP(B8,RM!$C$4:$G984,10,FALSE)) | M8: =IF(B8="","", VLOOKUP(B8,RM!$C$4:$G984,11,FALSE)) | N8: =IF(B8="","", VLOOKUP(B8,RM!$C$4:$G984,12,FALSE))
A9: =IF(B9="","",ROW()-3) | L9: =IF(B9="","", VLOOKUP(B9,RM!$C$4:$G984,10,FALSE)) | M9: =IF(B9="","", VLOOKUP(B9,RM!$C$4:$G984,11,FALSE)) | N9: =IF(B9="","", VLOOKUP(B9,RM!$C$4:$G984,12,FALSE))
A10: =IF(B10="","",ROW()-3) | L10: =IF(B10="","", VLOOKUP(B10,RM!$C$4:$G984,10,FALSE)) | M10: =IF(B10="","", VLOOKUP(B10,RM!$C$4:$G984,11,FALSE)) | N10: =IF(B10="","", VLOOKUP(B10,RM!$C$4:$G984,12,FALSE))
A11: =IF(B11="","",ROW()-3) | L11: =IF(B11="","", VLOOKUP(B11,RM!$C$4:$G984,10,FALSE)) | M11: =IF(B11="","", VLOOKUP(B11,RM!$C$4:$G984,11,FALSE)) | N11: =IF(B11="","", VLOOKUP(B11,RM!$C$4:$G984,12,FALSE))
A12: =IF(B12="","",ROW()-3) | L12: =IF(B12="","", VLOOKUP(B12,RM!$C$4:$G984,10,FALSE)) | M12: =IF(B12="","", VLOOKUP(B12,RM!$C$4:$G984,11,FALSE)) | N12: =IF(B12="","", VLOOKUP(B12,RM!$C$4:$G984,12,FALSE))
A13: =IF(B13="","",ROW()-3) | L13: =IF(B13="","", VLOOKUP(B13,RM!$C$4:$G984,10,FALSE)) | M13: =IF(B13="","", VLOOKUP(B13,RM!$C$4:$G984,11,FALSE)) | N13: =IF(B13="","", VLOOKUP(B13,RM!$C$4:$G984,12,FALSE))
A14: =IF(B14="","",ROW()-3) | L14: =IF(B14="","", VLOOKUP(B14,RM!$C$4:$G984,10,FALSE)) | M14: =IF(B14="","", VLOOKUP(B14,RM!$C$4:$G984,11,FALSE)) | N14: =IF(B14="","", VLOOKUP(B14,RM!$C$4:$G984,12,FALSE))
A15: =IF(B15="","",ROW()-3) | L15: =IF(B15="","", VLOOKUP(B15,RM!$C$4:$G984,10,FALSE)) | M15: =IF(B15="","", VLOOKUP(B15,RM!$C$4:$G984,11,FALSE)) | N15: =IF(B15="","", VLOOKUP(B15,RM!$C$4:$G984,12,FALSE))
A16: =IF(B16="","",ROW()-3) | L16: =IF(B16="","", VLOOKUP(B16,RM!$C$4:$G984,10,FALSE)) | M16: =IF(B16="","", VLOOKUP(B16,RM!$C$4:$G984,11,FALSE)) | N16: =IF(B16="","", VLOOKUP(B16,RM!$C$4:$G984,12,FALSE))
A17: =IF(B17="","",ROW()-3) | L17: =IF(B17="","", VLOOKUP(B17,RM!$C$4:$G984,10,FALSE)) | M17: =IF(B17="","", VLOOKUP(B17,RM!$C$4:$G984,11,FALSE)) | N17: =IF(B17="","", VLOOKUP(B17,RM!$C$4:$G984,12,FALSE))
A18: =IF(B18="","",ROW()-3) | L18: =IF(B18="","", VLOOKUP(B18,RM!$C$4:$G984,10,FALSE)) | M18: =IF(B18="","", VLOOKUP(B18,RM!$C$4:$G984,11,FALSE)) | N18: =IF(B18="","", VLOOKUP(B18,RM!$C$4:$G984,12,FALSE))
A19: =IF(B19="","",ROW()-3) | L19: =IF(B19="","", VLOOKUP(B19,RM!$C$4:$G984,10,FALSE)) | M19: =IF(B19="","", VLOOKUP(B19,RM!$C$4:$G984,11,FALSE)) | N19: =IF(B19="","", VLOOKUP(B19,RM!$C$4:$G984,12,FALSE))
A20: =IF(B20="","",ROW()-3) | L20: =IF(B20="","", VLOOKUP(B20,RM!$C$4:$G984,10,FALSE)) | M20: =IF(B20="","", VLOOKUP(B20,RM!$C$4:$G984,11,FALSE)) | N20: =IF(B20="","", VLOOKUP(B20,RM!$C$4:$G984,12,FALSE))
A21: =IF(B21="","",ROW()-3) | L21: =IF(B21="","", VLOOKUP(B21,RM!$C$4:$G984,10,FALSE)) | M21: =IF(B21="","", VLOOKUP(B21,RM!$C$4:$G984,11,FALSE)) | N21: =IF(B21="","", VLOOKUP(B21,RM!$C$4:$G984,12,FALSE))
A22: =IF(B22="","",ROW()-3) | L22: =IF(B22="","", VLOOKUP(B22,RM!$C$4:$G984,10,FALSE)) | M22: =IF(B22="","", VLOOKUP(B22,RM!$C$4:$G984,11,FALSE)) | N22: =IF(B22="","", VLOOKUP(B22,RM!$C$4:$G984,12,FALSE))
A23: =IF(B23="","",ROW()-3) | L23: =IF(B23="","", VLOOKUP(B23,RM!$C$4:$G984,10,FALSE)) | M23: =IF(B23="","", VLOOKUP(B23,RM!$C$4:$G984,11,FALSE)) | N23: =IF(B23="","", VLOOKUP(B23,RM!$C$4:$G984,12,FALSE))
A24: =IF(B24="","",ROW()-3) | L24: =IF(B24="","", VLOOKUP(B24,RM!$C$4:$G984,10,FALSE)) | M24: =IF(B24="","", VLOOKUP(B24,RM!$C$4:$G984,11,FALSE)) | N24: =IF(B24="","", VLOOKUP(B24,RM!$C$4:$G984,12,FALSE))
A25: =IF(B25="","",ROW()-3) | L25: =IF(B25="","", VLOOKUP(B25,RM!$C$4:$G984,10,FALSE)) | M25: =IF(B25="","", VLOOKUP(B25,RM!$C$4:$G984,11,FALSE)) | N25: =IF(B25="","", VLOOKUP(B25,RM!$C$4:$G984,12,FALSE))
A26: =IF(B26="","",ROW()-3) | L26: =IF(B26="","", VLOOKUP(B26,RM!$C$4:$G984,10,FALSE)) | M26: =IF(B26="","", VLOOKUP(B26,RM!$C$4:$G984,11,FALSE)) | N26: =IF(B26="","", VLOOKUP(B26,RM!$C$4:$G984,12,FALSE))
A27: =IF(B27="","",ROW()-3) | L27: =IF(B27="","", VLOOKUP(B27,RM!$C$4:$G984,10,FALSE)) | M27: =IF(B27="","", VLOOKUP(B27,RM!$C$4:$G984,11,FALSE)) | N27: =IF(B27="","", VLOOKUP(B27,RM!$C$4:$G984,12,FALSE))
A28: =IF(B28="","",ROW()-3) | L28: =IF(B28="","", VLOOKUP(B28,RM!$C$4:$G984,10,FALSE)) | M28: =IF(B28="","", VLOOKUP(B28,RM!$C$4:$G984,11,FALSE)) | N28: =IF(B28="","", VLOOKUP(B28,RM!$C$4:$G984,12,FALSE))
A29: =IF(B29="","",ROW()-3) | L29: =IF(B29="","", VLOOKUP(B29,RM!$C$4:$G984,10,FALSE)) | M29: =IF(B29="","", VLOOKUP(B29,RM!$C$4:$G984,11,FALSE)) | N29: =IF(B29="","", VLOOKUP(B29,RM!$C$4:$G984,12,FALSE))
A30: =IF(B30="","",ROW()-3) | L30: =IF(B30="","", VLOOKUP(B30,RM!$C$4:$G984,10,FALSE)) | M30: =IF(B30="","", VLOOKUP(B30,RM!$C$4:$G984,11,FALSE)) | N30: =IF(B30="","", VLOOKUP(B30,RM!$C$4:$G984,12,FALSE))
A31: =IF(B31="","",ROW()-3) | L31: =IF(B31="","", VLOOKUP(B31,RM!$C$4:$G984,10,FALSE)) | M31: =IF(B31="","", VLOOKUP(B31,RM!$C$4:$G984,11,FALSE)) | N31: =IF(B31="","", VLOOKUP(B31,RM!$C$4:$G984,12,FALSE))
A32: =IF(B32="","",ROW()-3) | L32: =IF(B32="","", VLOOKUP(B32,RM!$C$4:$G984,10,FALSE)) | M32: =IF(B32="","", VLOOKUP(B32,RM!$C$4:$G984,11,FALSE)) | N32: =IF(B32="","", VLOOKUP(B32,RM!$C$4:$G984,12,FALSE))
A33: =IF(B33="","",ROW()-3) | L33: =IF(B33="","", VLOOKUP(B33,RM!$C$4:$G984,10,FALSE)) | M33: =IF(B33="","", VLOOKUP(B33,RM!$C$4:$G984,11,FALSE)) | N33: =IF(B33="","", VLOOKUP(B33,RM!$C$4:$G984,12,FALSE))
A34: =IF(B34="","",ROW()-3) | L34: =IF(B34="","", VLOOKUP(B34,RM!$C$4:$G984,10,FALSE)) | M34: =IF(B34="","", VLOOKUP(B34,RM!$C$4:$G984,11,FALSE)) | N34: =IF(B34="","", VLOOKUP(B34,RM!$C$4:$G984,12,FALSE))
A35: =IF(B35="","",ROW()-3) | L35: =IF(B35="","", VLOOKUP(B35,RM!$C$4:$G984,10,FALSE)) | M35: =IF(B35="","", VLOOKUP(B35,RM!$C$4:$G984,11,FALSE)) | N35: =IF(B35="","", VLOOKUP(B35,RM!$C$4:$G984,12,FALSE))
A36: =IF(B36="","",ROW()-3) | L36: =IF(B36="","", VLOOKUP(B36,RM!$C$4:$G984,10,FALSE)) | M36: =IF(B36="","", VLOOKUP(B36,RM!$C$4:$G984,11,FALSE)) | N36: =IF(B36="","", VLOOKUP(B36,RM!$C$4:$G984,12,FALSE))
A37: =IF(B37="","",ROW()-3) | L37: =IF(B37="","", VLOOKUP(B37,RM!$C$4:$G984,10,FALSE)) | M37: =IF(B37="","", VLOOKUP(B37,RM!$C$4:$G984,11,FALSE)) | N37: =IF(B37="","", VLOOKUP(B37,RM!$C$4:$G984,12,FALSE))
A38: =IF(B38="","",ROW()-3) | L38: =IF(B38="","", VLOOKUP(B38,RM!$C$4:$G984,10,FALSE)) | M38: =IF(B38="","", VLOOKUP(B38,RM!$C$4:$G984,11,FALSE)) | N38: =IF(B38="","", VLOOKUP(B38,RM!$C$4:$G984,12,FALSE))
A39: =IF(B39="","",ROW()-3) | L39: =IF(B39="","", VLOOKUP(B39,RM!$C$4:$G984,10,FALSE)) | M39: =IF(B39="","", VLOOKUP(B39,RM!$C$4:$G984,11,FALSE)) | N39: =IF(B39="","", VLOOKUP(B39,RM!$C$4:$G984,12,FALSE))
A40: =IF(B40="","",ROW()-3) | L40: =IF(B40="","", VLOOKUP(B40,RM!$C$4:$G984,10,FALSE)) | M40: =IF(B40="","", VLOOKUP(B40,RM!$C$4:$G984,11,FALSE)) | N40: =IF(B40="","", VLOOKUP(B40,RM!$C$4:$G984,12,FALSE))
A41: =IF(B41="","",ROW()-3) | L41: =IF(B41="","", VLOOKUP(B41,RM!$C$4:$G984,10,FALSE)) | M41: =IF(B41="","", VLOOKUP(B41,RM!$C$4:$G984,11,FALSE)) | N41: =IF(B41="","", VLOOKUP(B41,RM!$C$4:$G984,12,FALSE))
A42: =IF(B42="","",ROW()-3) | L42: =IF(B42="","", VLOOKUP(B42,RM!$C$4:$G984,10,FALSE)) | M42: =IF(B42="","", VLOOKUP(B42,RM!$C$4:$G984,11,FALSE)) | N42: =IF(B42="","", VLOOKUP(B42,RM!$C$4:$G984,12,FALSE))
A43: =IF(B43="","",ROW()-3) | L43: =IF(B43="","", VLOOKUP(B43,RM!$C$4:$G984,10,FALSE)) | M43: =IF(B43="","", VLOOKUP(B43,RM!$C$4:$G984,11,FALSE)) | N43: =IF(B43="","", VLOOKUP(B43,RM!$C$4:$G984,12,FALSE))
A44: =IF(B44="","",ROW()-3) | L44: =IF(B44="","", VLOOKUP(B44,RM!$C$4:$G984,10,FALSE)) | M44: =IF(B44="","", VLOOKUP(B44,RM!$C$4:$G984,11,FALSE)) | N44: =IF(B44="","", VLOOKUP(B44,RM!$C$4:$G984,12,FALSE))
A45: =IF(B45="","",ROW()-3) | L45: =IF(B45="","", VLOOKUP(B45,RM!$C$4:$G984,10,FALSE)) | M45: =IF(B45="","", VLOOKUP(B45,RM!$C$4:$G984,11,FALSE)) | N45: =IF(B45="","", VLOOKUP(B45,RM!$C$4:$G984,12,FALSE))
A46: =IF(B46="","",ROW()-3) | L46: =IF(B46="","", VLOOKUP(B46,RM!$C$4:$G984,10,FALSE)) | M46: =IF(B46="","", VLOOKUP(B46,RM!$C$4:$G984,11,FALSE)) | N46: =IF(B46="","", VLOOKUP(B46,RM!$C$4:$G984,12,FALSE))
A47: =IF(B47="","",ROW()-3) | L47: =IF(B47="","", VLOOKUP(B47,RM!$C$4:$G984,10,FALSE)) | M47: =IF(B47="","", VLOOKUP(B47,RM!$C$4:$G984,11,FALSE)) | N47: =IF(B47="","", VLOOKUP(B47,RM!$C$4:$G984,12,FALSE))
A48: =IF(B48="","",ROW()-3) | L48: =IF(B48="","", VLOOKUP(B48,RM!$C$4:$G984,10,FALSE)) | M48: =IF(B48="","", VLOOKUP(B48,RM!$C$4:$G984,11,FALSE)) | N48: =IF(B48="","", VLOOKUP(B48,RM!$C$4:$G984,12,FALSE))
A49: =IF(B49="","",ROW()-3) | L49: =IF(B49="","", VLOOKUP(B49,RM!$C$4:$G984,10,FALSE)) | M49: =IF(B49="","", VLOOKUP(B49,RM!$C$4:$G984,11,FALSE)) | N49: =IF(B49="","", VLOOKUP(B49,RM!$C$4:$G984,12,FALSE))
A50: =IF(B50="","",ROW()-3) | L50: =IF(B50="","", VLOOKUP(B50,RM!$C$4:$G984,10,FALSE)) | M50: =IF(B50="","", VLOOKUP(B50,RM!$C$4:$G984,11,FALSE)) | N50: =IF(B50="","", VLOOKUP(B50,RM!$C$4:$G984,12,FALSE))
A51: =IF(B51="","",ROW()-3) | L51: =IF(B51="","", VLOOKUP(B51,RM!$C$4:$G984,10,FALSE)) | M51: =IF(B51="","", VLOOKUP(B51,RM!$C$4:$G984,11,FALSE)) | N51: =IF(B51="","", VLOOKUP(B51,RM!$C$4:$G984,12,FALSE))
A52: =IF(B52="","",ROW()-3) | L52: =IF(B52="","", VLOOKUP(B52,RM!$C$4:$G984,10,FALSE)) | M52: =IF(B52="","", VLOOKUP(B52,RM!$C$4:$G984,11,FALSE)) | N52: =IF(B52="","", VLOOKUP(B52,RM!$C$4:$G984,12,FALSE))
A53: =IF(B53="","",ROW()-3) | L53: =IF(B53="","", VLOOKUP(B53,RM!$C$4:$G984,10,FALSE)) | M53: =IF(B53="","", VLOOKUP(B53,RM!$C$4:$G984,11,FALSE)) | N53: =IF(B53="","", VLOOKUP(B53,RM!$C$4:$G984,12,FALSE))
A54: =IF(B54="","",ROW()-3) | L54: =IF(B54="","", VLOOKUP(B54,RM!$C$4:$G984,10,FALSE)) | M54: =IF(B54="","", VLOOKUP(B54,RM!$C$4:$G984,11,FALSE)) | N54: =IF(B54="","", VLOOKUP(B54,RM!$C$4:$G984,12,FALSE))
A55: =IF(B55="","",ROW()-3) | L55: =IF(B55="","", VLOOKUP(B55,RM!$C$4:$G984,10,FALSE)) | M55: =IF(B55="","", VLOOKUP(B55,RM!$C$4:$G984,11,FALSE)) | N55: =IF(B55="","", VLOOKUP(B55,RM!$C$4:$G984,12,FALSE))
A56: =IF(B56="","",ROW()-3) | L56: =IF(B56="","", VLOOKUP(B56,RM!$C$4:$G984,10,FALSE)) | M56: =IF(B56="","", VLOOKUP(B56,RM!$C$4:$G984,11,FALSE)) | N56: =IF(B56="","", VLOOKUP(B56,RM!$C$4:$G984,12,FALSE))
A57: =IF(B57="","",ROW()-3) | L57: =IF(B57="","", VLOOKUP(B57,RM!$C$4:$G984,10,FALSE)) | M57: =IF(B57="","", VLOOKUP(B57,RM!$C$4:$G984,11,FALSE)) | N57: =IF(B57="","", VLOOKUP(B57,RM!$C$4:$G984,12,FALSE))
A58: =IF(B58="","",ROW()-3) | L58: =IF(B58="","", VLOOKUP(B58,RM!$C$4:$G984,10,FALSE)) | M58: =IF(B58="","", VLOOKUP(B58,RM!$C$4:$G984,11,FALSE)) | N58: =IF(B58="","", VLOOKUP(B58,RM!$C$4:$G984,12,FALSE))
A59: =IF(B59="","",ROW()-3) | L59: =IF(B59="","", VLOOKUP(B59,RM!$C$4:$G984,10,FALSE)) | M59: =IF(B59="","", VLOOKUP(B59,RM!$C$4:$G984,11,FALSE)) | N59: =IF(B59="","", VLOOKUP(B59,RM!$C$4:$G984,12,FALSE))
A60: =IF(B60="","",ROW()-3) | L60: =IF(B60="","", VLOOKUP(B60,RM!$C$4:$G984,10,FALSE)) | M60: =IF(B60="","", VLOOKUP(B60,RM!$C$4:$G984,11,FALSE)) | N60: =IF(B60="","", VLOOKUP(B60,RM!$C$4:$G984,12,FALSE))
A61: =IF(B61="","",ROW()-3) | L61: =IF(B61="","", VLOOKUP(B61,RM!$C$4:$G984,10,FALSE)) | M61: =IF(B61="","", VLOOKUP(B61,RM!$C$4:$G984,11,FALSE)) | N61: =IF(B61="","", VLOOKUP(B61,RM!$C$4:$G984,12,FALSE))
A62: =IF(B62="","",ROW()-3) | L62: =IF(B62="","", VLOOKUP(B62,RM!$C$4:$G984,10,FALSE)) | M62: =IF(B62="","", VLOOKUP(B62,RM!$C$4:$G984,11,FALSE)) | N62: =IF(B62="","", VLOOKUP(B62,RM!$C$4:$G984,12,FALSE))
A63: =IF(B63="","",ROW()-3) | L63: =IF(B63="","", VLOOKUP(B63,RM!$C$4:$G984,10,FALSE)) | M63: =IF(B63="","", VLOOKUP(B63,RM!$C$4:$G984,11,FALSE)) | N63: =IF(B63="","", VLOOKUP(B63,RM!$C$4:$G984,12,FALSE))
A64: =IF(B64="","",ROW()-3) | L64: =IF(B64="","", VLOOKUP(B64,RM!$C$4:$G984,10,FALSE)) | M64: =IF(B64="","", VLOOKUP(B64,RM!$C$4:$G984,11,FALSE)) | N64: =IF(B64="","", VLOOKUP(B64,RM!$C$4:$G984,12,FALSE))
A65: =IF(B65="","",ROW()-3) | L65: =IF(B65="","", VLOOKUP(B65,RM!$C$4:$G984,10,FALSE)) | M65: =IF(B65="","", VLOOKUP(B65,RM!$C$4:$G984,11,FALSE)) | N65: =IF(B65="","", VLOOKUP(B65,RM!$C$4:$G984,12,FALSE))
A66: =IF(B66="","",ROW()-3) | L66: =IF(B66="","", VLOOKUP(B66,RM!$C$4:$G984,10,FALSE)) | M66: =IF(B66="","", VLOOKUP(B66,RM!$C$4:$G984,11,FALSE)) | N66: =IF(B66="","", VLOOKUP(B66,RM!$C$4:$G984,12,FALSE))
A67: =IF(B67="","",ROW()-3) | L67: =IF(B67="","", VLOOKUP(B67,RM!$C$4:$G984,10,FALSE)) | M67: =IF(B67="","", VLOOKUP(B67,RM!$C$4:$G984,11,FALSE)) | N67: =IF(B67="","", VLOOKUP(B67,RM!$C$4:$G984,12,FALSE))
A68: =IF(B68="","",ROW()-3) | L68: =IF(B68="","", VLOOKUP(B68,RM!$C$4:$G984,10,FALSE)) | M68: =IF(B68="","", VLOOKUP(B68,RM!$C$4:$G984,11,FALSE)) | N68: =IF(B68="","", VLOOKUP(B68,RM!$C$4:$G984,12,FALSE))
A69: =IF(B69="","",ROW()-3) | L69: =IF(B69="","", VLOOKUP(B69,RM!$C$4:$G984,10,FALSE)) | M69: =IF(B69="","", VLOOKUP(B69,RM!$C$4:$G984,11,FALSE)) | N69: =IF(B69="","", VLOOKUP(B69,RM!$C$4:$G984,12,FALSE))
A70: =IF(B70="","",ROW()-3) | L70: =IF(B70="","", VLOOKUP(B70,RM!$C$4:$G984,10,FALSE)) | M70: =IF(B70="","", VLOOKUP(B70,RM!$C$4:$G984,11,FALSE)) | N70: =IF(B70="","", VLOOKUP(B70,RM!$C$4:$G984,12,FALSE))
A71: =IF(B71="","",ROW()-3) | L71: =IF(B71="","", VLOOKUP(B71,RM!$C$4:$G984,10,FALSE)) | M71: =IF(B71="","", VLOOKUP(B71,RM!$C$4:$G984,11,FALSE)) | N71: =IF(B71="","", VLOOKUP(B71,RM!$C$4:$G984,12,FALSE))
A72: =IF(B72="","",ROW()-3) | L72: =IF(B72="","", VLOOKUP(B72,RM!$C$4:$G984,10,FALSE)) | M72: =IF(B72="","", VLOOKUP(B72,RM!$C$4:$G984,11,FALSE)) | N72: =IF(B72="","", VLOOKUP(B72,RM!$C$4:$G984,12,FALSE))
A73: =IF(B73="","",ROW()-3) | L73: =IF(B73="","", VLOOKUP(B73,RM!$C$4:$G984,10,FALSE)) | M73: =IF(B73="","", VLOOKUP(B73,RM!$C$4:$G984,11,FALSE)) | N73: =IF(B73="","", VLOOKUP(B73,RM!$C$4:$G984,12,FALSE))
A74: =IF(B74="","",ROW()-3) | L74: =IF(B74="","", VLOOKUP(B74,RM!$C$4:$G984,10,FALSE)) | M74: =IF(B74="","", VLOOKUP(B74,RM!$C$4:$G984,11,FALSE)) | N74: =IF(B74="","", VLOOKUP(B74,RM!$C$4:$G984,12,FALSE))
A75: =IF(B75="","",ROW()-3) | L75: =IF(B75="","", VLOOKUP(B75,RM!$C$4:$G984,10,FALSE)) | M75: =IF(B75="","", VLOOKUP(B75,RM!$C$4:$G984,11,FALSE)) | N75: =IF(B75="","", VLOOKUP(B75,RM!$C$4:$G984,12,FALSE))
A76: =IF(B76="","",ROW()-3) | L76: =IF(B76="","", VLOOKUP(B76,RM!$C$4:$G984,10,FALSE)) | M76: =IF(B76="","", VLOOKUP(B76,RM!$C$4:$G984,11,FALSE)) | N76: =IF(B76="","", VLOOKUP(B76,RM!$C$4:$G984,12,FALSE))
A77: =IF(B77="","",ROW()-3) | L77: =IF(B77="","", VLOOKUP(B77,RM!$C$4:$G984,10,FALSE)) | M77: =IF(B77="","", VLOOKUP(B77,RM!$C$4:$G984,11,FALSE)) | N77: =IF(B77="","", VLOOKUP(B77,RM!$C$4:$G984,12,FALSE))
A78: =IF(B78="","",ROW()-3) | L78: =IF(B78="","", VLOOKUP(B78,RM!$C$4:$G984,10,FALSE)) | M78: =IF(B78="","", VLOOKUP(B78,RM!$C$4:$G984,11,FALSE)) | N78: =IF(B78="","", VLOOKUP(B78,RM!$C$4:$G984,12,FALSE))
A79: =IF(B79="","",ROW()-3) | L79: =IF(B79="","", VLOOKUP(B79,RM!$C$4:$G984,10,FALSE)) | M79: =IF(B79="","", VLOOKUP(B79,RM!$C$4:$G984,11,FALSE)) | N79: =IF(B79="","", VLOOKUP(B79,RM!$C$4:$G984,12,FALSE))
A80: =IF(B80="","",ROW()-3) | L80: =IF(B80="","", VLOOKUP(B80,RM!$C$4:$G984,10,FALSE)) | M80: =IF(B80="","", VLOOKUP(B80,RM!$C$4:$G984,11,FALSE)) | N80: =IF(B80="","", VLOOKUP(B80,RM!$C$4:$G984,12,FALSE))
A81: =IF(B81="","",ROW()-3) | L81: =IF(B81="","", VLOOKUP(B81,RM!$C$4:$G984,10,FALSE)) | M81: =IF(B81="","", VLOOKUP(B81,RM!$C$4:$G984,11,FALSE)) | N81: =IF(B81="","", VLOOKUP(B81,RM!$C$4:$G984,12,FALSE))
A82: =IF(B82="","",ROW()-3) | L82: =IF(B82="","", VLOOKUP(B82,RM!$C$4:$G984,10,FALSE)) | M82: =IF(B82="","", VLOOKUP(B82,RM!$C$4:$G984,11,FALSE)) | N82: =IF(B82="","", VLOOKUP(B82,RM!$C$4:$G984,12,FALSE))
A83: =IF(B83="","",ROW()-3) | L83: =IF(B83="","", VLOOKUP(B83,RM!$C$4:$G984,10,FALSE)) | M83: =IF(B83="","", VLOOKUP(B83,RM!$C$4:$G984,11,FALSE)) | N83: =IF(B83="","", VLOOKUP(B83,RM!$C$4:$G984,12,FALSE))
A84: =IF(B84="","",ROW()-3) | L84: =IF(B84="","", VLOOKUP(B84,RM!$C$4:$G984,10,FALSE)) | M84: =IF(B84="","", VLOOKUP(B84,RM!$C$4:$G984,11,FALSE)) | N84: =IF(B84="","", VLOOKUP(B84,RM!$C$4:$G984,12,FALSE))
A85: =IF(B85="","",ROW()-3) | L85: =IF(B85="","", VLOOKUP(B85,RM!$C$4:$G984,10,FALSE)) | M85: =IF(B85="","", VLOOKUP(B85,RM!$C$4:$G984,11,FALSE)) | N85: =IF(B85="","", VLOOKUP(B85,RM!$C$4:$G984,12,FALSE))
A86: =IF(B86="","",ROW()-3) | L86: =IF(B86="","", VLOOKUP(B86,RM!$C$4:$G984,10,FALSE)) | M86: =IF(B86="","", VLOOKUP(B86,RM!$C$4:$G984,11,FALSE)) | N86: =IF(B86="","", VLOOKUP(B86,RM!$C$4:$G984,12,FALSE))
A87: =IF(B87="","",ROW()-3) | L87: =IF(B87="","", VLOOKUP(B87,RM!$C$4:$G984,10,FALSE)) | M87: =IF(B87="","", VLOOKUP(B87,RM!$C$4:$G984,11,FALSE)) | N87: =IF(B87="","", VLOOKUP(B87,RM!$C$4:$G984,12,FALSE))
A88: =IF(B88="","",ROW()-3) | L88: =IF(B88="","", VLOOKUP(B88,RM!$C$4:$G984,10,FALSE)) | M88: =IF(B88="","", VLOOKUP(B88,RM!$C$4:$G984,11,FALSE)) | N88: =IF(B88="","", VLOOKUP(B88,RM!$C$4:$G984,12,FALSE))
A89: =IF(B89="","",ROW()-3) | L89: =IF(B89="","", VLOOKUP(B89,RM!$C$4:$G984,10,FALSE)) | M89: =IF(B89="","", VLOOKUP(B89,RM!$C$4:$G984,11,FALSE)) | N89: =IF(B89="","", VLOOKUP(B89,RM!$C$4:$G984,12,FALSE))
A90: =IF(B90="","",ROW()-3) | L90: =IF(B90="","", VLOOKUP(B90,RM!$C$4:$G984,10,FALSE)) | M90: =IF(B90="","", VLOOKUP(B90,RM!$C$4:$G984,11,FALSE)) | N90: =IF(B90="","", VLOOKUP(B90,RM!$C$4:$G984,12,FALSE))
A91: =IF(B91="","",ROW()-3) | L91: =IF(B91="","", VLOOKUP(B91,RM!$C$4:$G984,10,FALSE)) | M91: =IF(B91="","", VLOOKUP(B91,RM!$C$4:$G984,11,FALSE)) | N91: =IF(B91="","", VLOOKUP(B91,RM!$C$4:$G984,12,FALSE))
A92: =IF(B92="","",ROW()-3) | L92: =IF(B92="","", VLOOKUP(B92,RM!$C$4:$G984,10,FALSE)) | M92: =IF(B92="","", VLOOKUP(B92,RM!$C$4:$G984,11,FALSE)) | N92: =IF(B92="","", VLOOKUP(B92,RM!$C$4:$G984,12,FALSE))
A93: =IF(B93="","",ROW()-3) | L93: =IF(B93="","", VLOOKUP(B93,RM!$C$4:$G984,10,FALSE)) | M93: =IF(B93="","", VLOOKUP(B93,RM!$C$4:$G984,11,FALSE)) | N93: =IF(B93="","", VLOOKUP(B93,RM!$C$4:$G984,12,FALSE))
A94: =IF(B94="","",ROW()-3) | L94: =IF(B94="","", VLOOKUP(B94,RM!$C$4:$G984,10,FALSE)) | M94: =IF(B94="","", VLOOKUP(B94,RM!$C$4:$G984,11,FALSE)) | N94: =IF(B94="","", VLOOKUP(B94,RM!$C$4:$G984,12,FALSE))
A95: =IF(B95="","",ROW()-3) | L95: =IF(B95="","", VLOOKUP(B95,RM!$C$4:$G984,10,FALSE)) | M95: =IF(B95="","", VLOOKUP(B95,RM!$C$4:$G984,11,FALSE)) | N95: =IF(B95="","", VLOOKUP(B95,RM!$C$4:$G984,12,FALSE))
A96: =IF(B96="","",ROW()-3) | L96: =IF(B96="","", VLOOKUP(B96,RM!$C$4:$G984,10,FALSE)) | M96: =IF(B96="","", VLOOKUP(B96,RM!$C$4:$G984,11,FALSE)) | N96: =IF(B96="","", VLOOKUP(B96,RM!$C$4:$G984,12,FALSE))
A97: =IF(B97="","",ROW()-3) | L97: =IF(B97="","", VLOOKUP(B97,RM!$C$4:$G984,10,FALSE)) | M97: =IF(B97="","", VLOOKUP(B97,RM!$C$4:$G984,11,FALSE)) | N97: =IF(B97="","", VLOOKUP(B97,RM!$C$4:$G984,12,FALSE))
A98: =IF(B98="","",ROW()-3) | L98: =IF(B98="","", VLOOKUP(B98,RM!$C$4:$G984,10,FALSE)) | M98: =IF(B98="","", VLOOKUP(B98,RM!$C$4:$G984,11,FALSE)) | N98: =IF(B98="","", VLOOKUP(B98,RM!$C$4:$G984,12,FALSE))
A99: =IF(B99="","",ROW()-3) | L99: =IF(B99="","", VLOOKUP(B99,RM!$C$4:$G984,10,FALSE)) | M99: =IF(B99="","", VLOOKUP(B99,RM!$C$4:$G984,11,FALSE)) | N99: =IF(B99="","", VLOOKUP(B99,RM!$C$4:$G984,12,FALSE))
A100: =IF(B100="","",ROW()-3) | L100: =IF(B100="","", VLOOKUP(B100,RM!$C$4:$G984,10,FALSE)) | M100: =IF(B100="","", VLOOKUP(B100,RM!$C$4:$G984,11,FALSE)) | N100: =IF(B100="","", VLOOKUP(B100,RM!$C$4:$G984,12,FALSE))
...

Sheet Supplier Items
A1: ITEMS FROM SUPPLIER
A2: SUPPLIER | B2: Cable Fort
A3: SL NO | B3: RAW MATERIAL NAME | C3: STARTING INVENTORY | D3: UNIT OF MEASURE | E3: AVAILABLE NOW | F3: PRICE | G3: POST PROCESSING? | H3: SUPPLIER | I3: SERVICE | J3: PURCHASES | K3: PDF | L3: DXF | M3: SUPPLIER NOTES | N3: DXF | O3: SUPPLIER NOTES
A4: =IF(B4="","",ROW()-9) -> -5 | B4: =IFERROR(__xludf.DUMMYFUNCTION("SORT(FILTER(RM!C4:G1496,RM!G4:G1496=B2),2,false)"),"Yellow 14/38 Wire") -> Yellow 14/38 Wire | C4: =IFERROR(__xludf.DUMMYFUNCTION("""COMPUTED_VALUE"""),"CAB-SCO-1C14/38LENChetan-Yellow") -> CAB-SCO-1C14/38LENChetan-Yellow | E4: =IFERROR(__xludf.DUMMYFUNCTION("""COMPUTED_VALUE"""),"Meter") -> Meter | F4: =IFERROR(__xludf.DUMMYFUNCTION("""COMPUTED_VALUE"""),"Cable Fort") -> Cable Fort
A5: =IF(B5="","",ROW()-9) -> -4 | B5: =IFERROR(__xludf.DUMMYFUNCTION("""COMPUTED_VALUE"""),"White Red 14/38 Wire") -> White Red 14/38 Wire | C5: =IFERROR(__xludf.DUMMYFUNCTION("""COMPUTED_VALUE"""),"CAB-SCO-1C14/38LENChetan-WhiteRed") -> CAB-SCO-1C14/38LENChetan-WhiteRed | E5: =IFERROR(__xludf.DUMMYFUNCTION("""COMPUTED_VALUE"""),"Meter") -> Meter | F5: =IFERROR(__xludf.DUMMYFUNCTION("""COMPUTED_VALUE"""),"Cable Fort") -> Cable Fort
A6: =IF(B6="","",ROW()-9) -> -3 | B6: =IFERROR(__xludf.DUMMYFUNCTION("""COMPUTED_VALUE"""),"White Black 14/38 Wire") -> White Black 14/38 Wire | C6: =IFERROR(__xludf.DUMMYFUNCTION("""COMPUTED_VALUE"""),"CAB-SCO-1C14/38LENChetan-WhiteBlack") -> CAB-SCO-1C14/38LENChetan-WhiteBlack | E6: =IFERROR(__xludf.DUMMYFUNCTION("""COMPUTED_VALUE"""),"Meter") -> Meter | F6: =IFERROR(__xludf.DUMMYFUNCTION("""COMPUTED_VALUE"""),"Cable Fort") -> Cable Fort
A7: =IF(B7="","",ROW()-9) -> -2 | B7: =IFERROR(__xludf.DUMMYFUNCTION("""COMPUTED_VALUE"""),"White 14/38 Wire") -> White 14/38 Wire | C7: =IFERROR(__xludf.DUMMYFUNCTION("""COMPUTED_VALUE"""),"CAB-SCO-1C14/38LENChetan-White") -> CAB-SCO-1C14/38LENChetan-White | E7: =IFERROR(__xludf.DUMMYFUNCTION("""COMPUTED_VALUE"""),"Meter") -> Meter | F7: =IFERROR(__xludf.DUMMYFUNCTION("""COMPUTED_VALUE"""),"Cable Fort") -> Cable Fort
A8: =IF(B8="","",ROW()-9) -> -1 | B8: =IFERROR(__xludf.DUMMYFUNCTION("""COMPUTED_VALUE"""),"Sky Blue 14/38 Wire") -> Sky Blue 14/38 Wire | C8: =IFERROR(__xludf.DUMMYFUNCTION("""COMPUTED_VALUE"""),"CAB-SCO-1C14/38LENChetan-SkyBlue") -> CAB-SCO-1C14/38LENChetan-SkyBlue | E8: =IFERROR(__xludf.DUMMYFUNCTION("""COMPUTED_VALUE"""),"Meter") -> Meter | F8: =IFERROR(__xludf.DUMMYFUNCTION("""COMPUTED_VALUE"""),"Cable Fort") -> Cable Fort
A9: =IF(B9="","",ROW()-9) -> 0 | B9: =IFERROR(__xludf.DUMMYFUNCTION("""COMPUTED_VALUE"""),"Red 14/38 Wire") -> Red 14/38 Wire | C9: =IFERROR(__xludf.DUMMYFUNCTION("""COMPUTED_VALUE"""),"CAB-SCO-1C14/38LENChetan-Red") -> CAB-SCO-1C14/38LENChetan-Red | E9: =IFERROR(__xludf.DUMMYFUNCTION("""COMPUTED_VALUE"""),"Meter") -> Meter | F9: =IFERROR(__xludf.DUMMYFUNCTION("""COMPUTED_VALUE"""),"Cable Fort") -> Cable Fort
A10: =IF(B10="","",ROW()-9) -> 1 | B10: =IFERROR(__xludf.DUMMYFUNCTION("""COMPUTED_VALUE"""),"Purple 14/38 Wire") -> Purple 14/38 Wire | C10: =IFERROR(__xludf.DUMMYFUNCTION("""COMPUTED_VALUE"""),"CAB-SCO-1C14/38LENChetan-Purple") -> CAB-SCO-1C14/38LENChetan-Purple | E10: =IFERROR(__xludf.DUMMYFUNCTION("""COMPUTED_VALUE"""),"Meter") -> Meter | F10: =IFERROR(__xludf.DUMMYFUNCTION("""COMPUTED_VALUE"""),"Cable Fort") -> Cable Fort
A11: =IF(B11="","",ROW()-9) -> 2 | B11: =IFERROR(__xludf.DUMMYFUNCTION("""COMPUTED_VALUE"""),"Pink 14/38 Wire") -> Pink 14/38 Wire | C11: =IFERROR(__xludf.DUMMYFUNCTION("""COMPUTED_VALUE"""),"CAB-SCO-1C14/38LENChetan-Pink") -> CAB-SCO-1C14/38LENChetan-Pink | E11: =IFERROR(__xludf.DUMMYFUNCTION("""COMPUTED_VALUE"""),"Meter") -> Meter | F11: =IFERROR(__xludf.DUMMYFUNCTION("""COMPUTED_VALUE"""),"Cable Fort") -> Cable Fort
A12: =IF(B12="","",ROW()-9) -> 3 | B12: =IFERROR(__xludf.DUMMYFUNCTION("""COMPUTED_VALUE"""),"ParrotGreen 14/38 Wire") -> ParrotGreen 14/38 Wire | C12: =IFERROR(__xludf.DUMMYFUNCTION("""COMPUTED_VALUE"""),"CAB-SCO-1C14/38LENChetan-ParrotGreen") -> CAB-SCO-1C14/38LENChetan-ParrotGreen | E12: =IFERROR(__xludf.DUMMYFUNCTION("""COMPUTED_VALUE"""),"Meter") -> Meter | F12: =IFERROR(__xludf.DUMMYFUNCTION("""COMPUTED_VALUE"""),"Cable Fort") -> Cable Fort
A13: =IF(B13="","",ROW()-9) -> 4 | B13: =IFERROR(__xludf.DUMMYFUNCTION("""COMPUTED_VALUE"""),"Orange 14/38 Wire") -> Orange 14/38 Wire | C13: =IFERROR(__xludf.DUMMYFUNCTION("""COMPUTED_VALUE"""),"CAB-SCO-1C14/38LENChetan-Orange") -> CAB-SCO-1C14/38LENChetan-Orange | E13: =IFERROR(__xludf.DUMMYFUNCTION("""COMPUTED_VALUE"""),"Meter") -> Meter | F13: =IFERROR(__xludf.DUMMYFUNCTION("""COMPUTED_VALUE"""),"Cable Fort") -> Cable Fort
A14: =IF(B14="","",ROW()-9) -> 5 | B14: =IFERROR(__xludf.DUMMYFUNCTION("""COMPUTED_VALUE"""),"Light Grey 14/38 Wire") -> Light Grey 14/38 Wire | C14: =IFERROR(__xludf.DUMMYFUNCTION("""COMPUTED_VALUE"""),"CAB-SCO-1C14/38LENChetan-Grey") -> CAB-SCO-1C14/38LENChetan-Grey | E14: =IFERROR(__xludf.DUMMYFUNCTION("""COMPUTED_VALUE"""),"Meter") -> Meter | F14: =IFERROR(__xludf.DUMMYFUNCTION("""COMPUTED_VALUE"""),"Cable Fort") -> Cable Fort
A15: =IF(B15="","",ROW()-9) -> 6 | B15: =IFERROR(__xludf.DUMMYFUNCTION("""COMPUTED_VALUE"""),"Green 14/38 Wire") -> Green 14/38 Wire | C15: =IFERROR(__xludf.DUMMYFUNCTION("""COMPUTED_VALUE"""),"CAB-SCO-1C14/38LENChetan-Green") -> CAB-SCO-1C14/38LENChetan-Green | E15: =IFERROR(__xludf.DUMMYFUNCTION("""COMPUTED_VALUE"""),"Meter") -> Meter | F15: =IFERROR(__xludf.DUMMYFUNCTION("""COMPUTED_VALUE"""),"Cable Fort") -> Cable Fort
A16: =IF(B16="","",ROW()-9) -> 7 | B16: =IFERROR(__xludf.DUMMYFUNCTION("""COMPUTED_VALUE"""),"Dark Grey 14/38 Wire") -> Dark Grey 14/38 Wire | C16: =IFERROR(__xludf.DUMMYFUNCTION("""COMPUTED_VALUE"""),"CAB-SCO-1C14/38LENChetan-DarkGrey") -> CAB-SCO-1C14/38LENChetan-DarkGrey | E16: =IFERROR(__xludf.DUMMYFUNCTION("""COMPUTED_VALUE"""),"Meter") -> Meter | F16: =IFERROR(__xludf.DUMMYFUNCTION("""COMPUTED_VALUE"""),"Cable Fort") -> Cable Fort
A17: =IF(B17="","",ROW()-9) -> 8 | B17: =IFERROR(__xludf.DUMMYFUNCTION("""COMPUTED_VALUE"""),"D. Brown 14/38 Wire") -> D. Brown 14/38 Wire | C17: =IFERROR(__xludf.DUMMYFUNCTION("""COMPUTED_VALUE"""),"CAB-SCO-1C14/38LENChetan-DarkBrown") -> CAB-SCO-1C14/38LENChetan-DarkBrown | E17: =IFERROR(__xludf.DUMMYFUNCTION("""COMPUTED_VALUE"""),"Meter") -> Meter | F17: =IFERROR(__xludf.DUMMYFUNCTION("""COMPUTED_VALUE"""),"Cable Fort") -> Cable Fort
A18: =IF(B18="","",ROW()-9) -> 9 | B18: =IFERROR(__xludf.DUMMYFUNCTION("""COMPUTED_VALUE"""),"Dark Blue 14/38 Wire") -> Dark Blue 14/38 Wire | C18: =IFERROR(__xludf.DUMMYFUNCTION("""COMPUTED_VALUE"""),"CAB-SCO-1C14/38LENChetan-DarkBlue") -> CAB-SCO-1C14/38LENChetan-DarkBlue | E18: =IFERROR(__xludf.DUMMYFUNCTION("""COMPUTED_VALUE"""),"Meter") -> Meter | F18: =IFERROR(__xludf.DUMMYFUNCTION("""COMPUTED_VALUE"""),"Cable Fort") -> Cable Fort
A19: =IF(B19="","",ROW()-9) -> 10 | B19: =IFERROR(__xludf.DUMMYFUNCTION("""COMPUTED_VALUE"""),"Cyan 14/38 Wire") -> Cyan 14/38 Wire | C19: =IFERROR(__xludf.DUMMYFUNCTION("""COMPUTED_VALUE"""),"CAB-SCO-1C14/38LENChetan-Cyan") -> CAB-SCO-1C14/38LENChetan-Cyan | E19: =IFERROR(__xludf.DUMMYFUNCTION("""COMPUTED_VALUE"""),"Meter") -> Meter | F19: =IFERROR(__xludf.DUMMYFUNCTION("""COMPUTED_VALUE"""),"Cable Fort") -> Cable Fort
A20: =IF(B20="","",ROW()-9) -> 11 | B20: =IFERROR(__xludf.DUMMYFUNCTION("""COMPUTED_VALUE"""),"Brown 14/38 Wire") -> Brown 14/38 Wire | C20: =IFERROR(__xludf.DUMMYFUNCTION("""COMPUTED_VALUE"""),"CAB-SCO-1C14/38LENChetan-Brown") -> CAB-SCO-1C14/38LENChetan-Brown | E20: =IFERROR(__xludf.DUMMYFUNCTION("""COMPUTED_VALUE"""),"Meter") -> Meter | F20: =IFERROR(__xludf.DUMMYFUNCTION("""COMPUTED_VALUE"""),"Cable Fort") -> Cable Fort
A21: =IF(B21="","",ROW()-9) -> 12 | B21: =IFERROR(__xludf.DUMMYFUNCTION("""COMPUTED_VALUE"""),"Black 14/38 Wire") -> Black 14/38 Wire | C21: =IFERROR(__xludf.DUMMYFUNCTION("""COMPUTED_VALUE"""),"CAB-SCO-1C14/38LENChetan-Black") -> CAB-SCO-1C14/38LENChetan-Black | E21: =IFERROR(__xludf.DUMMYFUNCTION("""COMPUTED_VALUE"""),"Meter") -> Meter | F21: =IFERROR(__xludf.DUMMYFUNCTION("""COMPUTED_VALUE"""),"Cable Fort") -> Cable Fort
A22: =IF(B22="","",ROW()-9) -> 13 | B22: =IFERROR(__xludf.DUMMYFUNCTION("""COMPUTED_VALUE"""),"8 Core Wire 14/38") -> 8 Core Wire 14/38 | C22: =IFERROR(__xludf.DUMMYFUNCTION("""COMPUTED_VALUE"""),"CAB-MCO-8C14/38LENChetan") -> CAB-MCO-8C14/38LENChetan | E22: =IFERROR(__xludf.DUMMYFUNCTION("""COMPUTED_VALUE"""),"Meter") -> Meter | F22: =IFERROR(__xludf.DUMMYFUNCTION("""COMPUTED_VALUE"""),"Cable Fort") -> Cable Fort
A23: =IF(B23="","",ROW()-9) -> 14 | B23: =IFERROR(__xludf.DUMMYFUNCTION("""COMPUTED_VALUE"""),"6 Core Wire 14/38") -> 6 Core Wire 14/38 | C23: =IFERROR(__xludf.DUMMYFUNCTION("""COMPUTED_VALUE"""),"CAB-MCO-6C14/38LENChetan") -> CAB-MCO-6C14/38LENChetan | E23: =IFERROR(__xludf.DUMMYFUNCTION("""COMPUTED_VALUE"""),"Meter") -> Meter | F23: =IFERROR(__xludf.DUMMYFUNCTION("""COMPUTED_VALUE"""),"Cable Fort") -> Cable Fort
A24: =IF(B24="","",ROW()-9) -> 15 | B24: =IFERROR(__xludf.DUMMYFUNCTION("""COMPUTED_VALUE"""),"20 Core Wire 14/38") -> 20 Core Wire 14/38 | C24: =IFERROR(__xludf.DUMMYFUNCTION("""COMPUTED_VALUE"""),"CAB-MCO-20C14/38LENChetan") -> CAB-MCO-20C14/38LENChetan | E24: =IFERROR(__xludf.DUMMYFUNCTION("""COMPUTED_VALUE"""),"Meter") -> Meter | F24: =IFERROR(__xludf.DUMMYFUNCTION("""COMPUTED_VALUE"""),"Cable Fort") -> Cable Fort
A25: =IF(B25="","",ROW()-9) -> 16 | B25: =IFERROR(__xludf.DUMMYFUNCTION("""COMPUTED_VALUE"""),"16 Core Wire 14/38") -> 16 Core Wire 14/38 | C25: =IFERROR(__xludf.DUMMYFUNCTION("""COMPUTED_VALUE"""),"CAB-MCO-16C14/38LENChetan") -> CAB-MCO-16C14/38LENChetan | E25: =IFERROR(__xludf.DUMMYFUNCTION("""COMPUTED_VALUE"""),"Meter") -> Meter | F25: =IFERROR(__xludf.DUMMYFUNCTION("""COMPUTED_VALUE"""),"Cable Fort") -> Cable Fort
A26: =IF(B26="","",ROW()-9) -> 17 | B26: =IFERROR(__xludf.DUMMYFUNCTION("""COMPUTED_VALUE"""),"12 Core Wire 14/38") -> 12 Core Wire 14/38 | C26: =IFERROR(__xludf.DUMMYFUNCTION("""COMPUTED_VALUE"""),"CAB-MCO-12C14/38LENChetan") -> CAB-MCO-12C14/38LENChetan | E26: =IFERROR(__xludf.DUMMYFUNCTION("""COMPUTED_VALUE"""),"Meter") -> Meter | F26: =IFERROR(__xludf.DUMMYFUNCTION("""COMPUTED_VALUE"""),"Cable Fort") -> Cable Fort
A27: =IF(B27="","",ROW()-9) -> 18 | B27: =IFERROR(__xludf.DUMMYFUNCTION("""COMPUTED_VALUE"""),"10 Core Wire 14/38") -> 10 Core Wire 14/38 | C27: =IFERROR(__xludf.DUMMYFUNCTION("""COMPUTED_VALUE"""),"CAB-MCO-10C14/38LENChetan") -> CAB-MCO-10C14/38LENChetan | E27: =IFERROR(__xludf.DUMMYFUNCTION("""COMPUTED_VALUE"""),"Meter") -> Meter | F27: =IFERROR(__xludf.DUMMYFUNCTION("""COMPUTED_VALUE"""),"Cable Fort") -> Cable Fort
A28: =IF(B28="","",ROW()-9) -> 19 | B28: =IFERROR(__xludf.DUMMYFUNCTION("""COMPUTED_VALUE"""),"25Core Wire 14/38") -> 25Core Wire 14/38 | E28: =IFERROR(__xludf.DUMMYFUNCTION("""COMPUTED_VALUE"""),"Meter") -> Meter | F28: =IFERROR(__xludf.DUMMYFUNCTION("""COMPUTED_VALUE"""),"Cable Fort") -> Cable Fort
A29: =IF(B29="","",ROW()-9)
A30: =IF(B30="","",ROW()-9)
A31: =IF(B31="","",ROW()-9)
A32: =IF(B32="","",ROW()-9)
A33: =IF(B33="","",ROW()-9)
A34: =IF(B34="","",ROW()-9)
A35: =IF(B35="","",ROW()-9)
A36: =IF(B36="","",ROW()-9)
A37: =IF(B37="","",ROW()-9)
A38: =IF(B38="","",ROW()-9)
A39: =IF(B39="","",ROW()-9)
A40: =IF(B40="","",ROW()-9)
... A994: =IF(B994="","",ROW()-9)

Sheet CombineSFG
A1: SL | B1: SEMI FINISHED GOODS | C1: PART NUMBER | D1: UoM | E1: RAW MATERIAL | F1: PART NUMBER 2 | G1: UoM 2 | H1: COMBINE
B2: =IFERROR(__xludf.DUMMYFUNCTION("FILTER('S-FG'!B3:D1999,'S-FG'!B3:B1999<>"""")"),"Jet Motor Assy") -> Jet Motor Assy | D2: =IFERROR(__xludf.DUMMYFUNCTION("""COMPUTED_VALUE"""),"Number") -> Number | E2: =IFERROR(__xludf.DUMMYFUNCTION("FILTER(RM!$C$4:$E1999,RM!$C$4:$C1999<>"""")"),"Transmitter with Receiver Module 2.4G0.9k") -> Transmitter with Receiver Module 2.4G0.9k | F2: =IFERROR(__xludf.DUMMYFUNCTION("""COMPUTED_VALUE"""),"RAD-TRR-QX71W915") -> RAD-TRR-QX71W915 | G2: =IFERROR(__xludf.DUMMYFUNCTION("""COMPUTED_VALUE"""),"Robu-866205") -> Robu-866205 | H2: =IFERROR(__xludf.DUMMYFUNCTION("{FILTER($B$2:$D1999,$B$2:$B1999<>"""");FILTER($E$2:$G1999,$E$2:$E1999<>"""")}"),"Jet Motor Assy") -> Jet Motor Assy | J2: =IFERROR(__xludf.DUMMYFUNCTION("""COMPUTED_VALUE"""),"Number") -> Number
B3: =IFERROR(__xludf.DUMMYFUNCTION("""COMPUTED_VALUE"""),"Power Switch Assy") -> Power Switch Assy | D3: =IFERROR(__xludf.DUMMYFUNCTION("""COMPUTED_VALUE"""),"Number") -> Number | E3: =IFERROR(__xludf.DUMMYFUNCTION("""COMPUTED_VALUE"""),"Receiver Module R9MM (R9MM will come July25)/R9Mini ") -> Receiver Module R9MM (R9MM will come July25)/R9Mini | F3: =IFERROR(__xludf.DUMMYFUNCTION("""COMPUTED_VALUE"""),"RAD-TRR-R9MI1W915") -> RAD-TRR-R9MI1W915 | G3: =IFERROR(__xludf.DUMMYFUNCTION("""COMPUTED_VALUE"""),"Robu-866205") -> Robu-866205 | H3: =IFERROR(__xludf.DUMMYFUNCTION("""COMPUTED_VALUE"""),"Power Switch Assy") -> Power Switch Assy | J3: =IFERROR(__xludf.DUMMYFUNCTION("""COMPUTED_VALUE"""),"Number") -> Number
B4: =IFERROR(__xludf.DUMMYFUNCTION("""COMPUTED_VALUE"""),"Charging PM Assy") -> Charging PM Assy | D4: =IFERROR(__xludf.DUMMYFUNCTION("""COMPUTED_VALUE"""),"Number") -> Number | E4: =IFERROR(__xludf.DUMMYFUNCTION("""COMPUTED_VALUE"""),"Free Wheel Diode SMD M7") -> Free Wheel Diode SMD M7 | F4: =IFERROR(__xludf.DUMMYFUNCTION("""COMPUTED_VALUE"""),"SIC-DIO-M7-v100i1") -> SIC-DIO-M7-v100i1 | G4: =IFERROR(__xludf.DUMMYFUNCTION("""COMPUTED_VALUE"""),"Robu-597541") -> Robu-597541 | H4: =IFERROR(__xludf.DUMMYFUNCTION("""COMPUTED_VALUE"""),"Charging PM Assy") -> Charging PM Assy | J4: =IFERROR(__xludf.DUMMYFUNCTION("""COMPUTED_VALUE"""),"Number") -> Number
B5: =IFERROR(__xludf.DUMMYFUNCTION("""COMPUTED_VALUE"""),"Charging CM Assy") -> Charging CM Assy | D5: =IFERROR(__xludf.DUMMYFUNCTION("""COMPUTED_VALUE"""),"Number") -> Number | E5: =IFERROR(__xludf.DUMMYFUNCTION("""COMPUTED_VALUE"""),"Schottky Diode SS310 100v1A") -> Schottky Diode SS310 100v1A | F5: =IFERROR(__xludf.DUMMYFUNCTION("""COMPUTED_VALUE"""),"SIC-DIO-SS310-v100i1") -> SIC-DIO-SS310-v100i1 | G5: =IFERROR(__xludf.DUMMYFUNCTION("""COMPUTED_VALUE"""),"Robu-R193145") -> Robu-R193145 | H5: =IFERROR(__xludf.DUMMYFUNCTION("""COMPUTED_VALUE"""),"Charging CM Assy") -> Charging CM Assy | J5: =IFERROR(__xludf.DUMMYFUNCTION("""COMPUTED_VALUE"""),"Number") -> Number
B6: =IFERROR(__xludf.DUMMYFUNCTION("""COMPUTED_VALUE"""),"STBD Signal PM Assy") -> STBD Signal PM Assy | D6: =IFERROR(__xludf.DUMMYFUNCTION("""COMPUTED_VALUE"""),"Number") -> Number | E6: =IFERROR(__xludf.DUMMYFUNCTION("""COMPUTED_VALUE"""),"Voltage Regulator AMS1117 5.0v") -> Voltage Regulator AMS1117 5.0v | F6: =IFERROR(__xludf.DUMMYFUNCTION("""COMPUTED_VALUE"""),"SIC-REG-AMS1117-5v") -> SIC-REG-AMS1117-5v | G6: =IFERROR(__xludf.DUMMYFUNCTION("""COMPUTED_VALUE"""),"Robu-162035") -> Robu-162035 | H6: =IFERROR(__xludf.DUMMYFUNCTION("""COMPUTED_VALUE"""),"STBD Signal PM Assy") -> STBD Signal PM Assy | J6: =IFERROR(__xludf.DUMMYFUNCTION("""COMPUTED_VALUE"""),"Number") -> Number
B7: =IFERROR(__xludf.DUMMYFUNCTION("""COMPUTED_VALUE"""),"PORT Signal PM Assy") -> PORT Signal PM Assy | D7: =IFERROR(__xludf.DUMMYFUNCTION("""COMPUTED_VALUE"""),"Number") -> Number | E7: =IFERROR(__xludf.DUMMYFUNCTION("""COMPUTED_VALUE"""),"GPS Module NEO-6M") -> GPS Module NEO-6M | F7: =IFERROR(__xludf.DUMMYFUNCTION("""COMPUTED_VALUE"""),"MOD-GNS-NEO6M") -> MOD-GNS-NEO6M | G7: =IFERROR(__xludf.DUMMYFUNCTION("""COMPUTED_VALUE"""),"Neo-6M") -> Neo-6M | H7: =IFERROR(__xludf.DUMMYFUNCTION("""COMPUTED_VALUE"""),"PORT Signal PM Assy") -> PORT Signal PM Assy | J7: =IFERROR(__xludf.DUMMYFUNCTION("""COMPUTED_VALUE"""),"Number") -> Number
B8: =IFERROR(__xludf.DUMMYFUNCTION("""COMPUTED_VALUE"""),"STBD Signal CM Assy") -> STBD Signal CM Assy | D8: =IFERROR(__xludf.DUMMYFUNCTION("""COMPUTED_VALUE"""),"Number") -> Number | E8: =IFERROR(__xludf.DUMMYFUNCTION("""COMPUTED_VALUE"""),"GPS Module LC86L") -> GPS Module LC86L | F8: =IFERROR(__xludf.DUMMYFUNCTION("""COMPUTED_VALUE"""),"MOD-GNS-LC86L") -> MOD-GNS-LC86L | G8: =IFERROR(__xludf.DUMMYFUNCTION("""COMPUTED_VALUE"""),"LC86L") -> LC86L | H8: =IFERROR(__xludf.DUMMYFUNCTION("""COMPUTED_VALUE"""),"STBD Signal CM Assy") -> STBD Signal CM Assy | J8: =IFERROR(__xludf.DUMMYFUNCTION("""COMPUTED_VALUE"""),"Number") -> Number
B9: =IFERROR(__xludf.DUMMYFUNCTION("""COMPUTED_VALUE"""),"PORT Signal CM Assy") -> PORT Signal CM Assy | D9: =IFERROR(__xludf.DUMMYFUNCTION("""COMPUTED_VALUE"""),"Number") -> Number | E9: =IFERROR(__xludf.DUMMYFUNCTION("""COMPUTED_VALUE"""),"GPS Module Here3+") -> GPS Module Here3+ | F9: =IFERROR(__xludf.DUMMYFUNCTION("""COMPUTED_VALUE"""),"MOD-GNS-LC86L") -> MOD-GNS-LC86L | G9: =IFERROR(__xludf.DUMMYFUNCTION("""COMPUTED_VALUE"""),"Here3+") -> Here3+ | H9: =IFERROR(__xludf.DUMMYFUNCTION("""COMPUTED_VALUE"""),"PORT Signal CM Assy") -> PORT Signal CM Assy | J9: =IFERROR(__xludf.DUMMYFUNCTION("""COMPUTED_VALUE"""),"Number") -> Number
B10: =IFERROR(__xludf.DUMMYFUNCTION("""COMPUTED_VALUE"""),"Current Sensor Assy") -> Current Sensor Assy | D10: =IFERROR(__xludf.DUMMYFUNCTION("""COMPUTED_VALUE"""),"Number") -> Number | E10: =IFERROR(__xludf.DUMMYFUNCTION("""COMPUTED_VALUE"""),"GPS Module BX992 Trimble") -> GPS Module BX992 Trimble | F10: =IFERROR(__xludf.DUMMYFUNCTION("""COMPUTED_VALUE"""),"MOD-GNS-BX992") -> MOD-GNS-BX992 | G10: =IFERROR(__xludf.DUMMYFUNCTION("""COMPUTED_VALUE"""),"BX992") -> BX992 | H10: =IFERROR(__xludf.DUMMYFUNCTION("""COMPUTED_VALUE"""),"Current Sensor Assy") -> Current Sensor Assy | J10: =IFERROR(__xludf.DUMMYFUNCTION("""COMPUTED_VALUE"""),"Number") -> Number
B11: =IFERROR(__xludf.DUMMYFUNCTION("""COMPUTED_VALUE"""),"RPM Sensor Assy") -> RPM Sensor Assy | D11: =IFERROR(__xludf.DUMMYFUNCTION("""COMPUTED_VALUE"""),"Number") -> Number | E11: =IFERROR(__xludf.DUMMYFUNCTION("""COMPUTED_VALUE"""),"Bullet Connector Female 5.5mm") -> Bullet Connector Female 5.5mm | F11: =IFERROR(__xludf.DUMMYFUNCTION("""COMPUTED_VALUE"""),"CON-BUL-55F") -> CON-BUL-55F | G11: =IFERROR(__xludf.DUMMYFUNCTION("""COMPUTED_VALUE"""),"HV130") -> HV130 | H11: =IFERROR(__xludf.DUMMYFUNCTION("""COMPUTED_VALUE"""),"RPM Sensor Assy") -> RPM Sensor Assy | J11: =IFERROR(__xludf.DUMMYFUNCTION("""COMPUTED_VALUE"""),"Number") -> Number
B12: =IFERROR(__xludf.DUMMYFUNCTION("""COMPUTED_VALUE"""),"A21 MotherBoard Assy") -> A21 MotherBoard Assy | D12: =IFERROR(__xludf.DUMMYFUNCTION("""COMPUTED_VALUE"""),"Number") -> Number | E12: =IFERROR(__xludf.DUMMYFUNCTION("""COMPUTED_VALUE"""),"Bullet Connector Male 4mm AMASS") -> Bullet Connector Male 4mm AMASS | F12: =IFERROR(__xludf.DUMMYFUNCTION("""COMPUTED_VALUE"""),"CON-BUL-4M") -> CON-BUL-4M | G12: =IFERROR(__xludf.DUMMYFUNCTION("""COMPUTED_VALUE"""),"Robu-239973") -> Robu-239973 | H12: =IFERROR(__xludf.DUMMYFUNCTION("""COMPUTED_VALUE"""),"A21 MotherBoard Assy") -> A21 MotherBoard Assy | J12: =IFERROR(__xludf.DUMMYFUNCTION("""COMPUTED_VALUE"""),"Number") -> Number
B13: =IFERROR(__xludf.DUMMYFUNCTION("""COMPUTED_VALUE"""),"Battery Block Assy") -> Battery Block Assy | D13: =IFERROR(__xludf.DUMMYFUNCTION("""COMPUTED_VALUE"""),"Number") -> Number | E13: =IFERROR(__xludf.DUMMYFUNCTION("""COMPUTED_VALUE"""),"Bullet Connector Female 4mm AMASS") -> Bullet Connector Female 4mm AMASS | F13: =IFERROR(__xludf.DUMMYFUNCTION("""COMPUTED_VALUE"""),"CON-BUL-4F") -> CON-BUL-4F | G13: =IFERROR(__xludf.DUMMYFUNCTION("""COMPUTED_VALUE"""),"Robu-R150111") -> Robu-R150111 | H13: =IFERROR(__xludf.DUMMYFUNCTION("""COMPUTED_VALUE"""),"Battery Block Assy") -> Battery Block Assy | J13: =IFERROR(__xludf.DUMMYFUNCTION("""COMPUTED_VALUE"""),"Number") -> Number
B14: =IFERROR(__xludf.DUMMYFUNCTION("""COMPUTED_VALUE"""),"STBD_ESC Assy") -> STBD_ESC Assy | D14: =IFERROR(__xludf.DUMMYFUNCTION("""COMPUTED_VALUE"""),"Number") -> Number | E14: =IFERROR(__xludf.DUMMYFUNCTION("""COMPUTED_VALUE"""),"Bullet Connector Male 2mm AMASS") -> Bullet Connector Male 2mm AMASS | F14: =IFERROR(__xludf.DUMMYFUNCTION("""COMPUTED_VALUE"""),"CON-BUL-2M") -> CON-BUL-2M | G14: =IFERROR(__xludf.DUMMYFUNCTION("""COMPUTED_VALUE"""),"Robu-R150108") -> Robu-R150108 | H14: =IFERROR(__xludf.DUMMYFUNCTION("""COMPUTED_VALUE"""),"STBD_ESC Assy") -> STBD_ESC Assy | J14: =IFERROR(__xludf.DUMMYFUNCTION("""COMPUTED_VALUE"""),"Number") -> Number
B15: =IFERROR(__xludf.DUMMYFUNCTION("""COMPUTED_VALUE"""),"PORT_ESC Assy") -> PORT_ESC Assy | D15: =IFERROR(__xludf.DUMMYFUNCTION("""COMPUTED_VALUE"""),"Number") -> Number | E15: =IFERROR(__xludf.DUMMYFUNCTION("""COMPUTED_VALUE"""),"Bullet Connector Female 2mm AMASS") -> Bullet Connector Female 2mm AMASS | F15: =IFERROR(__xludf.DUMMYFUNCTION("""COMPUTED_VALUE"""),"CON-BUL-2F") -> CON-BUL-2F | G15: =IFERROR(__xludf.DUMMYFUNCTION("""COMPUTED_VALUE"""),"Robu-R150107") -> Robu-R150107 | H15: =IFERROR(__xludf.DUMMYFUNCTION("""COMPUTED_VALUE"""),"PORT_ESC Assy") -> PORT_ESC Assy | J15: =IFERROR(__xludf.DUMMYFUNCTION("""COMPUTED_VALUE"""),"Number") -> Number
B16: =IFERROR(__xludf.DUMMYFUNCTION("""COMPUTED_VALUE"""),"STBD Battery Assy") -> STBD Battery Assy | D16: =IFERROR(__xludf.DUMMYFUNCTION("""COMPUTED_VALUE"""),"Number") -> Number | E16: =IFERROR(__xludf.DUMMYFUNCTION("""COMPUTED_VALUE"""),"Bullet Connector Male 6mm XT-150 AMASS") -> Bullet Connector Male 6mm XT-150 AMASS | F16: =IFERROR(__xludf.DUMMYFUNCTION("""COMPUTED_VALUE"""),"CON-BUL-6M") -> CON-BUL-6M | G16: =IFERROR(__xludf.DUMMYFUNCTION("""COMPUTED_VALUE"""),"Robu-239520") -> Robu-239520 | H16: =IFERROR(__xludf.DUMMYFUNCTION("""COMPUTED_VALUE"""),"STBD Battery Assy") -> STBD Battery Assy | J16: =IFERROR(__xludf.DUMMYFUNCTION("""COMPUTED_VALUE"""),"Number") -> Number
B17: =IFERROR(__xludf.DUMMYFUNCTION("""COMPUTED_VALUE"""),"PORT Battery Assy") -> PORT Battery Assy | D17: =IFERROR(__xludf.DUMMYFUNCTION("""COMPUTED_VALUE"""),"Number") -> Number | E17: =IFERROR(__xludf.DUMMYFUNCTION("""COMPUTED_VALUE"""),"Bullet Connector Female 6mm XT-150 AMASS") -> Bullet Connector Female 6mm XT-150 AMASS | F17: =IFERROR(__xludf.DUMMYFUNCTION("""COMPUTED_VALUE"""),"CON-BUL-6F") -> CON-BUL-6F | G17: =IFERROR(__xludf.DUMMYFUNCTION("""COMPUTED_VALUE"""),"Robu-239593") -> Robu-239593 | H17: =IFERROR(__xludf.DUMMYFUNCTION("""COMPUTED_VALUE"""),"PORT Battery Assy") -> PORT Battery Assy | J17: =IFERROR(__xludf.DUMMYFUNCTION("""COMPUTED_VALUE"""),"Number") -> Number
B18: =IFERROR(__xludf.DUMMYFUNCTION("""COMPUTED_VALUE"""),"Charger Box Assy") -> Charger Box Assy | D18: =IFERROR(__xludf.DUMMYFUNCTION("""COMPUTED_VALUE"""),"Number") -> Number | E18: =IFERROR(__xludf.DUMMYFUNCTION("""COMPUTED_VALUE"""),"Bullet Connector Male 8mm AMASS") -> Bullet Connector Male 8mm AMASS | F18: =IFERROR(__xludf.DUMMYFUNCTION("""COMPUTED_VALUE"""),"CON-BUL-8M") -> CON-BUL-8M | G18: =IFERROR(__xludf.DUMMYFUNCTION("""COMPUTED_VALUE"""),"Robu-239739") -> Robu-239739 | H18: =IFERROR(__xludf.DUMMYFUNCTION("""COMPUTED_VALUE"""),"Charger Box Assy") -> Charger Box Assy | J18: =IFERROR(__xludf.DUMMYFUNCTION("""COMPUTED_VALUE"""),"Number") -> Number
B19: =IFERROR(__xludf.DUMMYFUNCTION("""COMPUTED_VALUE"""),"Electronic Box Assy") -> Electronic Box Assy | D19: =IFERROR(__xludf.DUMMYFUNCTION("""COMPUTED_VALUE"""),"Number") -> Number | E19: =IFERROR(__xludf.DUMMYFUNCTION("""COMPUTED_VALUE"""),"Bullet Connector Female 8mm AMASS") -> Bullet Connector Female 8mm AMASS | F19: =IFERROR(__xludf.DUMMYFUNCTION("""COMPUTED_VALUE"""),"CON-BUL-8F") -> CON-BUL-8F | G19: =IFERROR(__xludf.DUMMYFUNCTION("""COMPUTED_VALUE"""),"Robu-239757") -> Robu-239757 | H19: =IFERROR(__xludf.DUMMYFUNCTION("""COMPUTED_VALUE"""),"Electronic Box Assy") -> Electronic Box Assy | J19: =IFERROR(__xludf.DUMMYFUNCTION("""COMPUTED_VALUE"""),"Number") -> Number
B20: =IFERROR(__xludf.DUMMYFUNCTION("""COMPUTED_VALUE"""),"FL_STBD Elec") -> FL_STBD Elec | D20: =IFERROR(__xludf.DUMMYFUNCTION("""COMPUTED_VALUE"""),"Number") -> Number | E20: =IFERROR(__xludf.DUMMYFUNCTION("""COMPUTED_VALUE"""),"Cable - Ultra Flexible - Black 8AWG") -> Cable - Ultra Flexible - Black 8AWG | F20: =IFERROR(__xludf.DUMMYFUNCTION("""COMPUTED_VALUE"""),"CAB-SIL-BLACK8AWG") -> CAB-SIL-BLACK8AWG | G20: =IFERROR(__xludf.DUMMYFUNCTION("""COMPUTED_VALUE"""),"Robu-R151637") -> Robu-R151637 | H20: =IFERROR(__xludf.DUMMYFUNCTION("""COMPUTED_VALUE"""),"FL_STBD Elec") -> FL_STBD Elec | J20: =IFERROR(__xludf.DUMMYFUNCTION("""COMPUTED_VALUE"""),"Number") -> Number
B21: =IFERROR(__xludf.DUMMYFUNCTION("""COMPUTED_VALUE"""),"FL_PORT Elec") -> FL_PORT Elec | D21: =IFERROR(__xludf.DUMMYFUNCTION("""COMPUTED_VALUE"""),"Number") -> Number | E21: =IFERROR(__xludf.DUMMYFUNCTION("""COMPUTED_VALUE"""),"Cable - Ultra Flexible - Red 8AWG") -> Cable - Ultra Flexible - Red 8AWG | F21: =IFERROR(__xludf.DUMMYFUNCTION("""COMPUTED_VALUE"""),"CAB-SIL-RED8AWG") -> CAB-SIL-RED8AWG | G21: =IFERROR(__xludf.DUMMYFUNCTION("""COMPUTED_VALUE"""),"Robu-R151638") -> Robu-R151638 | H21: =IFERROR(__xludf.DUMMYFUNCTION("""COMPUTED_VALUE"""),"FL_PORT Elec") -> FL_PORT Elec | J21: =IFERROR(__xludf.DUMMYFUNCTION("""COMPUTED_VALUE"""),"Number") -> Number
B22: =IFERROR(__xludf.DUMMYFUNCTION("""COMPUTED_VALUE"""),"FL_STBD Mech") -> FL_STBD Mech | D22: =IFERROR(__xludf.DUMMYFUNCTION("""COMPUTED_VALUE"""),"Number") -> Number | E22: =IFERROR(__xludf.DUMMYFUNCTION("""COMPUTED_VALUE"""),"Cable - Ultra Flexible - Black 10AWG") -> Cable - Ultra Flexible - Black 10AWG | F22: =IFERROR(__xludf.DUMMYFUNCTION("""COMPUTED_VALUE"""),"CAB-SIL-BLACK10AWG") -> CAB-SIL-BLACK10AWG | H22: =IFERROR(__xludf.DUMMYFUNCTION("""COMPUTED_VALUE"""),"FL_STBD Mech") -> FL_STBD Mech | J22: =IFERROR(__xludf.DUMMYFUNCTION("""COMPUTED_VALUE"""),"Number") -> Number
B23: =IFERROR(__xludf.DUMMYFUNCTION("""COMPUTED_VALUE"""),"FL_PORT Mech") -> FL_PORT Mech | D23: =IFERROR(__xludf.DUMMYFUNCTION("""COMPUTED_VALUE"""),"Number") -> Number | E23: =IFERROR(__xludf.DUMMYFUNCTION("""COMPUTED_VALUE"""),"Cable - Ultra Flexible - Red 10AWG") -> Cable - Ultra Flexible - Red 10AWG | F23: =IFERROR(__xludf.DUMMYFUNCTION("""COMPUTED_VALUE"""),"CAB-SIL-RED10AWG") -> CAB-SIL-RED10AWG | H23: =IFERROR(__xludf.DUMMYFUNCTION("""COMPUTED_VALUE"""),"FL_PORT Mech") -> FL_PORT Mech | J23: =IFERROR(__xludf.DUMMYFUNCTION("""COMPUTED_VALUE"""),"Number") -> Number
B24: =IFERROR(__xludf.DUMMYFUNCTION("""COMPUTED_VALUE"""),"STBD Unit Assy") -> STBD Unit Assy | D24: =IFERROR(__xludf.DUMMYFUNCTION("""COMPUTED_VALUE"""),"Number") -> Number | E24: =IFERROR(__xludf.DUMMYFUNCTION("""COMPUTED_VALUE"""),"Cable - Ultra Flexible - Black 12AWG") -> Cable - Ultra Flexible - Black 12AWG | F24: =IFERROR(__xludf.DUMMYFUNCTION("""COMPUTED_VALUE"""),"CAB-SIL-BLACK12AWG") -> CAB-SIL-BLACK12AWG | G24: =IFERROR(__xludf.DUMMYFUNCTION("""COMPUTED_VALUE"""),"Robu-1824981") -> Robu-1824981 | H24: =IFERROR(__xludf.DUMMYFUNCTION("""COMPUTED_VALUE"""),"STBD Unit Assy") -> STBD Unit Assy | J24: =IFERROR(__xludf.DUMMYFUNCTION("""COMPUTED_VALUE"""),"Number") -> Number
B25: =IFERROR(__xludf.DUMMYFUNCTION("""COMPUTED_VALUE"""),"PORT Unit Assy") -> PORT Unit Assy | D25: =IFERROR(__xludf.DUMMYFUNCTION("""COMPUTED_VALUE"""),"Number") -> Number | E25: =IFERROR(__xludf.DUMMYFUNCTION("""COMPUTED_VALUE"""),"Cable - Ultra Flexible - Red 12AWG") -> Cable - Ultra Flexible - Red 12AWG | F25: =IFERROR(__xludf.DUMMYFUNCTION("""COMPUTED_VALUE"""),"CAB-SIL-RED12AWG") -> CAB-SIL-RED12AWG | G25: =IFERROR(__xludf.DUMMYFUNCTION("""COMPUTED_VALUE"""),"Robu-1824982") -> Robu-1824982 | H25: =IFERROR(__xludf.DUMMYFUNCTION("""COMPUTED_VALUE"""),"PORT Unit Assy") -> PORT Unit Assy | J25: =IFERROR(__xludf.DUMMYFUNCTION("""COMPUTED_VALUE"""),"Number") -> Number
B26: =IFERROR(__xludf.DUMMYFUNCTION("""COMPUTED_VALUE"""),"Self Rightening Assy") -> Self Rightening Assy | D26: =IFERROR(__xludf.DUMMYFUNCTION("""COMPUTED_VALUE"""),"Number") -> Number | E26: =IFERROR(__xludf.DUMMYFUNCTION("""COMPUTED_VALUE"""),"Cable - Ultra Flexible - Black 18 AWG") -> Cable - Ultra Flexible - Black 18 AWG | F26: =IFERROR(__xludf.DUMMYFUNCTION("""COMPUTED_VALUE"""),"CAB-SIL-BLACK18AWG") -> CAB-SIL-BLACK18AWG | H26: =IFERROR(__xludf.DUMMYFUNCTION("""COMPUTED_VALUE"""),"Self Rightening Assy") -> Self Rightening Assy | J26: =IFERROR(__xludf.DUMMYFUNCTION("""COMPUTED_VALUE"""),"Number") -> Number
B27: =IFERROR(__xludf.DUMMYFUNCTION("""COMPUTED_VALUE"""),"IP Remote Assy") -> IP Remote Assy | D27: =IFERROR(__xludf.DUMMYFUNCTION("""COMPUTED_VALUE"""),"Number") -> Number | E27: =IFERROR(__xludf.DUMMYFUNCTION("""COMPUTED_VALUE"""),"Cable - Ultra Flexible - Red 18 AWG") -> Cable - Ultra Flexible - Red 18 AWG | F27: =IFERROR(__xludf.DUMMYFUNCTION("""COMPUTED_VALUE"""),"CAB-SIL-RED18AWG") -> CAB-SIL-RED18AWG | H27: =IFERROR(__xludf.DUMMYFUNCTION("""COMPUTED_VALUE"""),"IP Remote Assy") -> IP Remote Assy | J27: =IFERROR(__xludf.DUMMYFUNCTION("""COMPUTED_VALUE"""),"Number") -> Number
B28: =IFERROR(__xludf.DUMMYFUNCTION("""COMPUTED_VALUE"""),"IP Remote Charging Cable Assy") -> IP Remote Charging Cable Assy | D28: =IFERROR(__xludf.DUMMYFUNCTION("""COMPUTED_VALUE"""),"Number") -> Number | E28: =IFERROR(__xludf.DUMMYFUNCTION("""COMPUTED_VALUE"""),"Cable - Ultra Flexible - Green 18 AWG") -> Cable - Ultra Flexible - Green 18 AWG | F28: =IFERROR(__xludf.DUMMYFUNCTION("""COMPUTED_VALUE"""),"CAB-SIL-GREEN18AWG") -> CAB-SIL-GREEN18AWG | H28: =IFERROR(__xludf.DUMMYFUNCTION("""COMPUTED_VALUE"""),"IP Remote Charging Cable Assy") -> IP Remote Charging Cable Assy | J28: =IFERROR(__xludf.DUMMYFUNCTION("""COMPUTED_VALUE"""),"Number") -> Number
B29: =IFERROR(__xludf.DUMMYFUNCTION("""COMPUTED_VALUE"""),"AMCA Elec Assy") -> AMCA Elec Assy | D29: =IFERROR(__xludf.DUMMYFUNCTION("""COMPUTED_VALUE"""),"Number") -> Number | E29: =IFERROR(__xludf.DUMMYFUNCTION("""COMPUTED_VALUE"""),"Cable - Ultra Flexible - Black 20 AWG") -> Cable - Ultra Flexible - Black 20 AWG | F29: =IFERROR(__xludf.DUMMYFUNCTION("""COMPUTED_VALUE"""),"CAB-SIL-BLACK20AWG") -> CAB-SIL-BLACK20AWG | G29: =IFERROR(__xludf.DUMMYFUNCTION("""COMPUTED_VALUE"""),"Robu-1824989") -> Robu-1824989 | H29: =IFERROR(__xludf.DUMMYFUNCTION("""COMPUTED_VALUE"""),"AMCA Elec Assy") -> AMCA Elec Assy | J29: =IFERROR(__xludf.DUMMYFUNCTION("""COMPUTED_VALUE"""),"Number") -> Number
B30: =IFERROR(__xludf.DUMMYFUNCTION("""COMPUTED_VALUE"""),"AMCA Mech Assy") -> AMCA Mech Assy | D30: =IFERROR(__xludf.DUMMYFUNCTION("""COMPUTED_VALUE"""),"Number") -> Number | E30: =IFERROR(__xludf.DUMMYFUNCTION("""COMPUTED_VALUE"""),"Cable - Ultra Flexible - Green 20 AWG") -> Cable - Ultra Flexible - Green 20 AWG | F30: =IFERROR(__xludf.DUMMYFUNCTION("""COMPUTED_VALUE"""),"CAB-SIL-GREEN20AWG") -> CAB-SIL-GREEN20AWG | H30: =IFERROR(__xludf.DUMMYFUNCTION("""COMPUTED_VALUE"""),"AMCA Mech Assy") -> AMCA Mech Assy | J30: =IFERROR(__xludf.DUMMYFUNCTION("""COMPUTED_VALUE"""),"Number") -> Number
B31: =IFERROR(__xludf.DUMMYFUNCTION("""COMPUTED_VALUE"""),"Final Craft Assy") -> Final Craft Assy | D31: =IFERROR(__xludf.DUMMYFUNCTION("""COMPUTED_VALUE"""),"Number") -> Number | E31: =IFERROR(__xludf.DUMMYFUNCTION("""COMPUTED_VALUE"""),"Cable - Ultra Flexible Red 20 AWG") -> Cable - Ultra Flexible Red 20 AWG | F31: =IFERROR(__xludf.DUMMYFUNCTION("""COMPUTED_VALUE"""),"CAB-SIL-RED20AWG") -> CAB-SIL-RED20AWG | G31: =IFERROR(__xludf.DUMMYFUNCTION("""COMPUTED_VALUE"""),"Robu-1824992") -> Robu-1824992 | H31: =IFERROR(__xludf.DUMMYFUNCTION("""COMPUTED_VALUE"""),"Final Craft Assy") -> Final Craft Assy | J31: =IFERROR(__xludf.DUMMYFUNCTION("""COMPUTED_VALUE"""),"Number") -> Number
B32: =IFERROR(__xludf.DUMMYFUNCTION("""COMPUTED_VALUE"""),"Bottom Block Assy") -> Bottom Block Assy | D32: =IFERROR(__xludf.DUMMYFUNCTION("""COMPUTED_VALUE"""),"Number") -> Number | E32: =IFERROR(__xludf.DUMMYFUNCTION("""COMPUTED_VALUE"""),"Cable - Ultra Flexible Blue 20 AWG") -> Cable - Ultra Flexible Blue 20 AWG | F32: =IFERROR(__xludf.DUMMYFUNCTION("""COMPUTED_VALUE"""),"CAB-SIL-BLUE20AWG") -> CAB-SIL-BLUE20AWG | G32: =IFERROR(__xludf.DUMMYFUNCTION("""COMPUTED_VALUE"""),"Robu-1824990") -> Robu-1824990 | H32: =IFERROR(__xludf.DUMMYFUNCTION("""COMPUTED_VALUE"""),"Bottom Block Assy") -> Bottom Block Assy | J32: =IFERROR(__xludf.DUMMYFUNCTION("""COMPUTED_VALUE"""),"Number") -> Number
B33: =IFERROR(__xludf.DUMMYFUNCTION("""COMPUTED_VALUE"""),"STBD Aft Plate Assy") -> STBD Aft Plate Assy | D33: =IFERROR(__xludf.DUMMYFUNCTION("""COMPUTED_VALUE"""),"Number") -> Number | E33: =IFERROR(__xludf.DUMMYFUNCTION("""COMPUTED_VALUE"""),"Water flow Sensor YFS401") -> Water flow Sensor YFS401 | F33: =IFERROR(__xludf.DUMMYFUNCTION("""COMPUTED_VALUE"""),"SEN-WFL-YFS401v5") -> SEN-WFL-YFS401v5 | G33: =IFERROR(__xludf.DUMMYFUNCTION("""COMPUTED_VALUE"""),"YFS401") -> YFS401 | H33: =IFERROR(__xludf.DUMMYFUNCTION("""COMPUTED_VALUE"""),"STBD Aft Plate Assy") -> STBD Aft Plate Assy | J33: =IFERROR(__xludf.DUMMYFUNCTION("""COMPUTED_VALUE"""),"Number") -> Number
B34: =IFERROR(__xludf.DUMMYFUNCTION("""COMPUTED_VALUE"""),"PORT Aft Plate Assy") -> PORT Aft Plate Assy | D34: =IFERROR(__xludf.DUMMYFUNCTION("""COMPUTED_VALUE"""),"Number") -> Number | E34: =IFERROR(__xludf.DUMMYFUNCTION("""COMPUTED_VALUE"""),"Water Pump 550 Diaphragm") -> Water Pump 550 Diaphragm | F34: =IFERROR(__xludf.DUMMYFUNCTION("""COMPUTED_VALUE"""),"ACT-PMP-DIA550") -> ACT-PMP-DIA550 | G34: =IFERROR(__xludf.DUMMYFUNCTION("""COMPUTED_VALUE"""),"550 DIAPHRAGM") -> 550 DIAPHRAGM | H34: =IFERROR(__xludf.DUMMYFUNCTION("""COMPUTED_VALUE"""),"PORT Aft Plate Assy") -> PORT Aft Plate Assy | J34: =IFERROR(__xludf.DUMMYFUNCTION("""COMPUTED_VALUE"""),"Number") -> Number
B35: =IFERROR(__xludf.DUMMYFUNCTION("""COMPUTED_VALUE"""),"R9MX Adapter") -> R9MX Adapter | D35: =IFERROR(__xludf.DUMMYFUNCTION("""COMPUTED_VALUE"""),"Number") -> Number | E35: =IFERROR(__xludf.DUMMYFUNCTION("""COMPUTED_VALUE"""),"Battery Indicator - 1S Lipo") -> Battery Indicator - 1S Lipo | F35: =IFERROR(__xludf.DUMMYFUNCTION("""COMPUTED_VALUE"""),"IND-LIP-1S") -> IND-LIP-1S | H35: =IFERROR(__xludf.DUMMYFUNCTION("""COMPUTED_VALUE"""),"R9MX Adapter") -> R9MX Adapter | J35: =IFERROR(__xludf.DUMMYFUNCTION("""COMPUTED_VALUE"""),"Number") -> Number
B36: =IFERROR(__xludf.DUMMYFUNCTION("""COMPUTED_VALUE"""),"Final Packing") -> Final Packing | D36: =IFERROR(__xludf.DUMMYFUNCTION("""COMPUTED_VALUE"""),"Number") -> Number | E36: =IFERROR(__xludf.DUMMYFUNCTION("""COMPUTED_VALUE"""),"Battery Indicator - 2S Lipo") -> Battery Indicator - 2S Lipo | F36: =IFERROR(__xludf.DUMMYFUNCTION("""COMPUTED_VALUE"""),"IND-LIP-2S") -> IND-LIP-2S | H36: =IFERROR(__xludf.DUMMYFUNCTION("""COMPUTED_VALUE"""),"Final Packing") -> Final Packing | J36: =IFERROR(__xludf.DUMMYFUNCTION("""COMPUTED_VALUE"""),"Number") -> Number
E37: =IFERROR(__xludf.DUMMYFUNCTION("""COMPUTED_VALUE"""),"Lipo Indicator Casings") -> Lipo Indicator Casings | F37: =IFERROR(__xludf.DUMMYFUNCTION("""COMPUTED_VALUE"""),"IND-LIP-CASING") -> IND-LIP-CASING | H37: =IFERROR(__xludf.DUMMYFUNCTION("""COMPUTED_VALUE"""),"Transmitter with Receiver Module 2.4G0.9k") -> Transmitter with Receiver Module 2.4G0.9k | I37: =IFERROR(__xludf.DUMMYFUNCTION("""COMPUTED_VALUE"""),"RAD-TRR-QX71W915") -> RAD-TRR-QX71W915 | J37: =IFERROR(__xludf.DUMMYFUNCTION("""COMPUTED_VALUE"""),"Robu-866205") -> Robu-866205
E38: =IFERROR(__xludf.DUMMYFUNCTION("""COMPUTED_VALUE"""),"Buck Converter Module XL7015 50v") -> Buck Converter Module XL7015 50v | F38: =IFERROR(__xludf.DUMMYFUNCTION("""COMPUTED_VALUE"""),"MOD-BUK-XL7015v80i07") -> MOD-BUK-XL7015v80i07 | G38: =IFERROR(__xludf.DUMMYFUNCTION("""COMPUTED_VALUE"""),"XL7015") -> XL7015 | H38: =IFERROR(__xludf.DUMMYFUNCTION("""COMPUTED_VALUE"""),"Receiver Module R9MM (R9MM will come July25)/R9Mini ") -> Receiver Module R9MM (R9MM will come July25)/R9Mini | I38: =IFERROR(__xludf.DUMMYFUNCTION("""COMPUTED_VALUE"""),"RAD-TRR-R9MI1W915") -> RAD-TRR-R9MI1W915 | J38: =IFERROR(__xludf.DUMMYFUNCTION("""COMPUTED_VALUE"""),"Robu-866205") -> Robu-866205
E39: =IFERROR(__xludf.DUMMYFUNCTION("""COMPUTED_VALUE"""),"Buck Coverter Module LM2596HVS ") -> Buck Coverter Module LM2596HVS | F39: =IFERROR(__xludf.DUMMYFUNCTION("""COMPUTED_VALUE"""),"MOD-BUK-LM2596HVSv48i2") -> MOD-BUK-LM2596HVSv48i2 | G39: =IFERROR(__xludf.DUMMYFUNCTION("""COMPUTED_VALUE"""),"Robu-766328") -> Robu-766328 | H39: =IFERROR(__xludf.DUMMYFUNCTION("""COMPUTED_VALUE"""),"Free Wheel Diode SMD M7") -> Free Wheel Diode SMD M7 | I39: =IFERROR(__xludf.DUMMYFUNCTION("""COMPUTED_VALUE"""),"SIC-DIO-M7-v100i1") -> SIC-DIO-M7-v100i1 | J39: =IFERROR(__xludf.DUMMYFUNCTION("""COMPUTED_VALUE"""),"Robu-597541") -> Robu-597541
E40: =IFERROR(__xludf.DUMMYFUNCTION("""COMPUTED_VALUE"""),"Buck Converter Module XL4005 5A ") -> Buck Converter Module XL4005 5A | F40: =IFERROR(__xludf.DUMMYFUNCTION("""COMPUTED_VALUE"""),"MOD-BUK-XL4005v40i5") -> MOD-BUK-XL4005v40i5 | G40: =IFERROR(__xludf.DUMMYFUNCTION("""COMPUTED_VALUE"""),"XL4015") -> XL4015 | H40: =IFERROR(__xludf.DUMMYFUNCTION("""COMPUTED_VALUE"""),"Schottky Diode SS310 100v1A") -> Schottky Diode SS310 100v1A | I40: =IFERROR(__xludf.DUMMYFUNCTION("""COMPUTED_VALUE"""),"SIC-DIO-SS310-v100i1") -> SIC-DIO-SS310-v100i1 | J40: =IFERROR(__xludf.DUMMYFUNCTION("""COMPUTED_VALUE"""),"Robu-R193145") -> Robu-R193145
E41: =IFERROR(__xludf.DUMMYFUNCTION("""COMPUTED_VALUE"""),"Buck Converter Module XL4015 5A ") -> Buck Converter Module XL4015 5A | F41: =IFERROR(__xludf.DUMMYFUNCTION("""COMPUTED_VALUE"""),"MOD-BUK-XL4015v40i5") -> MOD-BUK-XL4015v40i5 | G41: =IFERROR(__xludf.DUMMYFUNCTION("""COMPUTED_VALUE"""),"Robu-1510171") -> Robu-1510171 | H41: =IFERROR(__xludf.DUMMYFUNCTION("""COMPUTED_VALUE"""),"Voltage Regulator AMS1117 5.0v") -> Voltage Regulator AMS1117 5.0v | I41: =IFERROR(__xludf.DUMMYFUNCTION("""COMPUTED_VALUE"""),"SIC-REG-AMS1117-5v") -> SIC-REG-AMS1117-5v | J41: =IFERROR(__xludf.DUMMYFUNCTION("""COMPUTED_VALUE"""),"Robu-162035") -> Robu-162035
E42: =IFERROR(__xludf.DUMMYFUNCTION("""COMPUTED_VALUE"""),"Connector - AS150u Female AMASS") -> Connector - AS150u Female AMASS | F42: =IFERROR(__xludf.DUMMYFUNCTION("""COMPUTED_VALUE"""),"CON-BTC-AS150uF") -> CON-BTC-AS150uF | G42: =IFERROR(__xludf.DUMMYFUNCTION("""COMPUTED_VALUE"""),"Robu-1395034") -> Robu-1395034 | H42: =IFERROR(__xludf.DUMMYFUNCTION("""COMPUTED_VALUE"""),"GPS Module NEO-6M") -> GPS Module NEO-6M | I42: =IFERROR(__xludf.DUMMYFUNCTION("""COMPUTED_VALUE"""),"MOD-GNS-NEO6M") -> MOD-GNS-NEO6M | J42: =IFERROR(__xludf.DUMMYFUNCTION("""COMPUTED_VALUE"""),"Neo-6M") -> Neo-6M
E43: =IFERROR(__xludf.DUMMYFUNCTION("""COMPUTED_VALUE"""),"Connector - AS150u Male AMASS ") -> Connector - AS150u Male AMASS | F43: =IFERROR(__xludf.DUMMYFUNCTION("""COMPUTED_VALUE"""),"CON-BTC-AS150uM") -> CON-BTC-AS150uM | G43: =IFERROR(__xludf.DUMMYFUNCTION("""COMPUTED_VALUE"""),"Robu-1432427") -> Robu-1432427 | H43: =IFERROR(__xludf.DUMMYFUNCTION("""COMPUTED_VALUE"""),"GPS Module LC86L") -> GPS Module LC86L | I43: =IFERROR(__xludf.DUMMYFUNCTION("""COMPUTED_VALUE"""),"MOD-GNS-LC86L") -> MOD-GNS-LC86L | J43: =IFERROR(__xludf.DUMMYFUNCTION("""COMPUTED_VALUE"""),"LC86L") -> LC86L
E44: =IFERROR(__xludf.DUMMYFUNCTION("""COMPUTED_VALUE"""),"Connector - XT90 Female AMASS") -> Connector - XT90 Female AMASS | F44: =IFERROR(__xludf.DUMMYFUNCTION("""COMPUTED_VALUE"""),"CON-BTC-XT90F") -> CON-BTC-XT90F | G44: =IFERROR(__xludf.DUMMYFUNCTION("""COMPUTED_VALUE"""),"Robu-24729") -> Robu-24729 | H44: =IFERROR(__xludf.DUMMYFUNCTION("""COMPUTED_VALUE"""),"GPS Module Here3+") -> GPS Module Here3+ | I44: =IFERROR(__xludf.DUMMYFUNCTION("""COMPUTED_VALUE"""),"MOD-GNS-LC86L") -> MOD-GNS-LC86L | J44: =IFERROR(__xludf.DUMMYFUNCTION("""COMPUTED_VALUE"""),"Here3+") -> Here3+
E45: =IFERROR(__xludf.DUMMYFUNCTION("""COMPUTED_VALUE"""),"Connector - XT90 Male") -> Connector - XT90 Male | F45: =IFERROR(__xludf.DUMMYFUNCTION("""COMPUTED_VALUE"""),"CON-BTC-XT90M") -> CON-BTC-XT90M | H45: =IFERROR(__xludf.DUMMYFUNCTION("""COMPUTED_VALUE"""),"GPS Module BX992 Trimble") -> GPS Module BX992 Trimble | I45: =IFERROR(__xludf.DUMMYFUNCTION("""COMPUTED_VALUE"""),"MOD-GNS-BX992") -> MOD-GNS-BX992 | J45: =IFERROR(__xludf.DUMMYFUNCTION("""COMPUTED_VALUE"""),"BX992") -> BX992
E46: =IFERROR(__xludf.DUMMYFUNCTION("""COMPUTED_VALUE"""),"Connector - XT30 Female AMASS") -> Connector - XT30 Female AMASS | F46: =IFERROR(__xludf.DUMMYFUNCTION("""COMPUTED_VALUE"""),"CON-BTC-XT30F") -> CON-BTC-XT30F | G46: =IFERROR(__xludf.DUMMYFUNCTION("""COMPUTED_VALUE"""),"Robu-875060") -> Robu-875060 | H46: =IFERROR(__xludf.DUMMYFUNCTION("""COMPUTED_VALUE"""),"Bullet Connector Female 5.5mm") -> Bullet Connector Female 5.5mm | I46: =IFERROR(__xludf.DUMMYFUNCTION("""COMPUTED_VALUE"""),"CON-BUL-55F") -> CON-BUL-55F | J46: =IFERROR(__xludf.DUMMYFUNCTION("""COMPUTED_VALUE"""),"HV130") -> HV130
E47: =IFERROR(__xludf.DUMMYFUNCTION("""COMPUTED_VALUE"""),"Connector - XT30 Male AMASS") -> Connector - XT30 Male AMASS | F47: =IFERROR(__xludf.DUMMYFUNCTION("""COMPUTED_VALUE"""),"CON-BTC-XT30M") -> CON-BTC-XT30M | G47: =IFERROR(__xludf.DUMMYFUNCTION("""COMPUTED_VALUE"""),"Robu-875061") -> Robu-875061 | H47: =IFERROR(__xludf.DUMMYFUNCTION("""COMPUTED_VALUE"""),"Bullet Connector Male 4mm AMASS") -> Bullet Connector Male 4mm AMASS | I47: =IFERROR(__xludf.DUMMYFUNCTION("""COMPUTED_VALUE"""),"CON-BUL-4M") -> CON-BUL-4M | J47: =IFERROR(__xludf.DUMMYFUNCTION("""COMPUTED_VALUE"""),"Robu-239973") -> Robu-239973
E48: =IFERROR(__xludf.DUMMYFUNCTION("""COMPUTED_VALUE"""),"Connector - XT60 Female AMASS") -> Connector - XT60 Female AMASS | F48: =IFERROR(__xludf.DUMMYFUNCTION("""COMPUTED_VALUE"""),"CON-BTC-XT60F") -> CON-BTC-XT60F | H48: =IFERROR(__xludf.DUMMYFUNCTION("""COMPUTED_VALUE"""),"Bullet Connector Female 4mm AMASS") -> Bullet Connector Female 4mm AMASS | I48: =IFERROR(__xludf.DUMMYFUNCTION("""COMPUTED_VALUE"""),"CON-BUL-4F") -> CON-BUL-4F | J48: =IFERROR(__xludf.DUMMYFUNCTION("""COMPUTED_VALUE"""),"Robu-R150111") -> Robu-R150111
E49: =IFERROR(__xludf.DUMMYFUNCTION("""COMPUTED_VALUE"""),"Connector - XT60 Male AMASS") -> Connector - XT60 Male AMASS | F49: =IFERROR(__xludf.DUMMYFUNCTION("""COMPUTED_VALUE"""),"CON-BTC-XT60M") -> CON-BTC-XT60M | H49: =IFERROR(__xludf.DUMMYFUNCTION("""COMPUTED_VALUE"""),"Bullet Connector Male 2mm AMASS") -> Bullet Connector Male 2mm AMASS | I49: =IFERROR(__xludf.DUMMYFUNCTION("""COMPUTED_VALUE"""),"CON-BUL-2M") -> CON-BUL-2M | J49: =IFERROR(__xludf.DUMMYFUNCTION("""COMPUTED_VALUE"""),"Robu-R150108") -> Robu-R150108
E50: =IFERROR(__xludf.DUMMYFUNCTION("""COMPUTED_VALUE"""),"Connector - MT30 Female") -> Connector - MT30 Female | F50: =IFERROR(__xludf.DUMMYFUNCTION("""COMPUTED_VALUE"""),"CON-BTC-MT30F") -> CON-BTC-MT30F | H50: =IFERROR(__xludf.DUMMYFUNCTION("""COMPUTED_VALUE"""),"Bullet Connector Female 2mm AMASS") -> Bullet Connector Female 2mm AMASS | I50: =IFERROR(__xludf.DUMMYFUNCTION("""COMPUTED_VALUE"""),"CON-BUL-2F") -> CON-BUL-2F | J50: =IFERROR(__xludf.DUMMYFUNCTION("""COMPUTED_VALUE"""),"Robu-R150107") -> Robu-R150107
E51: =IFERROR(__xludf.DUMMYFUNCTION("""COMPUTED_VALUE"""),"Converter AC/DC - 24v ") -> Converter AC/DC - 24v | F51: =IFERROR(__xludf.DUMMYFUNCTION("""COMPUTED_VALUE"""),"MOD-HLK-W20v24i08") -> MOD-HLK-W20v24i08 | G51: =IFERROR(__xludf.DUMMYFUNCTION("""COMPUTED_VALUE"""),"HLK-20M24") -> HLK-20M24 | H51: =IFERROR(__xludf.DUMMYFUNCTION("""COMPUTED_VALUE"""),"Bullet Connector Male 6mm XT-150 AMASS") -> Bullet Connector Male 6mm XT-150 AMASS | I51: =IFERROR(__xludf.DUMMYFUNCTION("""COMPUTED_VALUE"""),"CON-BUL-6M") -> CON-BUL-6M | J51: =IFERROR(__xludf.DUMMYFUNCTION("""COMPUTED_VALUE"""),"Robu-239520") -> Robu-239520
E52: =IFERROR(__xludf.DUMMYFUNCTION("""COMPUTED_VALUE"""),"Momentary Switch JCB") -> Momentary Switch JCB | F52: =IFERROR(__xludf.DUMMYFUNCTION("""COMPUTED_VALUE"""),"SWI-PUS-MS16MM-PM-16MM") -> SWI-PUS-MS16MM-PM-16MM | H52: =IFERROR(__xludf.DUMMYFUNCTION("""COMPUTED_VALUE"""),"Bullet Connector Female 6mm XT-150 AMASS") -> Bullet Connector Female 6mm XT-150 AMASS | I52: =IFERROR(__xludf.DUMMYFUNCTION("""COMPUTED_VALUE"""),"CON-BUL-6F") -> CON-BUL-6F | J52: =IFERROR(__xludf.DUMMYFUNCTION("""COMPUTED_VALUE"""),"Robu-239593") -> Robu-239593
E53: =IFERROR(__xludf.DUMMYFUNCTION("""COMPUTED_VALUE"""),"Latching Power Switch JCB") -> Latching Power Switch JCB | F53: =IFERROR(__xludf.DUMMYFUNCTION("""COMPUTED_VALUE"""),"SWI-PUS-LS16MM-PM-16MM") -> SWI-PUS-LS16MM-PM-16MM | H53: =IFERROR(__xludf.DUMMYFUNCTION("""COMPUTED_VALUE"""),"Bullet Connector Male 8mm AMASS") -> Bullet Connector Male 8mm AMASS | I53: =IFERROR(__xludf.DUMMYFUNCTION("""COMPUTED_VALUE"""),"CON-BUL-8M") -> CON-BUL-8M | J53: =IFERROR(__xludf.DUMMYFUNCTION("""COMPUTED_VALUE"""),"Robu-239739") -> Robu-239739
E54: =IFERROR(__xludf.DUMMYFUNCTION("""COMPUTED_VALUE"""),"PCB for IFU") -> PCB for IFU | F54: =IFERROR(__xludf.DUMMYFUNCTION("""COMPUTED_VALUE"""),"PCB-IFU") -> PCB-IFU | H54: =IFERROR(__xludf.DUMMYFUNCTION("""COMPUTED_VALUE"""),"Bullet Connector Female 8mm AMASS") -> Bullet Connector Female 8mm AMASS | I54: =IFERROR(__xludf.DUMMYFUNCTION("""COMPUTED_VALUE"""),"CON-BUL-8F") -> CON-BUL-8F | J54: =IFERROR(__xludf.DUMMYFUNCTION("""COMPUTED_VALUE"""),"Robu-239757") -> Robu-239757
E55: =IFERROR(__xludf.DUMMYFUNCTION("""COMPUTED_VALUE"""),"PCB for JCB") -> PCB for JCB | F55: =IFERROR(__xludf.DUMMYFUNCTION("""COMPUTED_VALUE"""),"PCB-AMCA") -> PCB-AMCA | H55: =IFERROR(__xludf.DUMMYFUNCTION("""COMPUTED_VALUE"""),"Cable - Ultra Flexible - Black 8AWG") -> Cable - Ultra Flexible - Black 8AWG | I55: =IFERROR(__xludf.DUMMYFUNCTION("""COMPUTED_VALUE"""),"CAB-SIL-BLACK8AWG") -> CAB-SIL-BLACK8AWG | J55: =IFERROR(__xludf.DUMMYFUNCTION("""COMPUTED_VALUE"""),"Robu-R151637") -> Robu-R151637
E56: =IFERROR(__xludf.DUMMYFUNCTION("""COMPUTED_VALUE"""),"PCB of STBD flash light") -> PCB of STBD flash light | F56: =IFERROR(__xludf.DUMMYFUNCTION("""COMPUTED_VALUE"""),"PCB-STBD-FLASH") -> PCB-STBD-FLASH | H56: =IFERROR(__xludf.DUMMYFUNCTION("""COMPUTED_VALUE"""),"Cable - Ultra Flexible - Red 8AWG") -> Cable - Ultra Flexible - Red 8AWG | I56: =IFERROR(__xludf.DUMMYFUNCTION("""COMPUTED_VALUE"""),"CAB-SIL-RED8AWG") -> CAB-SIL-RED8AWG | J56: =IFERROR(__xludf.DUMMYFUNCTION("""COMPUTED_VALUE"""),"Robu-R151638") -> Robu-R151638
E57: =IFERROR(__xludf.DUMMYFUNCTION("""COMPUTED_VALUE"""),"PCB of PORT flash light") -> PCB of PORT flash light | F57: =IFERROR(__xludf.DUMMYFUNCTION("""COMPUTED_VALUE"""),"PCB-PORT-FLASH") -> PCB-PORT-FLASH | H57: =IFERROR(__xludf.DUMMYFUNCTION("""COMPUTED_VALUE"""),"Cable - Ultra Flexible - Black 10AWG") -> Cable - Ultra Flexible - Black 10AWG | I57: =IFERROR(__xludf.DUMMYFUNCTION("""COMPUTED_VALUE"""),"CAB-SIL-BLACK10AWG") -> CAB-SIL-BLACK10AWG
E58: =IFERROR(__xludf.DUMMYFUNCTION("""COMPUTED_VALUE"""),"PCB of A4 Motherboard/A42 Motherboard") -> PCB of A4 Motherboard/A42 Motherboard | F58: =IFERROR(__xludf.DUMMYFUNCTION("""COMPUTED_VALUE"""),"PCB-A4MEGA328P-MUR") -> PCB-A4MEGA328P-MUR | H58: =IFERROR(__xludf.DUMMYFUNCTION("""COMPUTED_VALUE"""),"Cable - Ultra Flexible - Red 10AWG") -> Cable - Ultra Flexible - Red 10AWG | I58: =IFERROR(__xludf.DUMMYFUNCTION("""COMPUTED_VALUE"""),"CAB-SIL-RED10AWG") -> CAB-SIL-RED10AWG
E59: =IFERROR(__xludf.DUMMYFUNCTION("""COMPUTED_VALUE"""),"PCB of Current Sensor") -> PCB of Current Sensor | F59: =IFERROR(__xludf.DUMMYFUNCTION("""COMPUTED_VALUE"""),"PCB-CUR-SENSOR") -> PCB-CUR-SENSOR | H59: =IFERROR(__xludf.DUMMYFUNCTION("""COMPUTED_VALUE"""),"Cable - Ultra Flexible - Black 12AWG") -> Cable - Ultra Flexible - Black 12AWG | I59: =IFERROR(__xludf.DUMMYFUNCTION("""COMPUTED_VALUE"""),"CAB-SIL-BLACK12AWG") -> CAB-SIL-BLACK12AWG | J59: =IFERROR(__xludf.DUMMYFUNCTION("""COMPUTED_VALUE"""),"Robu-1824981") -> Robu-1824981
E60: =IFERROR(__xludf.DUMMYFUNCTION("""COMPUTED_VALUE"""),"PWB of Button -2") -> PWB of Button -2 | F60: =IFERROR(__xludf.DUMMYFUNCTION("""COMPUTED_VALUE"""),"PCB-QX7-BUTTON") -> PCB-QX7-BUTTON | H60: =IFERROR(__xludf.DUMMYFUNCTION("""COMPUTED_VALUE"""),"Cable - Ultra Flexible - Red 12AWG") -> Cable - Ultra Flexible - Red 12AWG | I60: =IFERROR(__xludf.DUMMYFUNCTION("""COMPUTED_VALUE"""),"CAB-SIL-RED12AWG") -> CAB-SIL-RED12AWG | J60: =IFERROR(__xludf.DUMMYFUNCTION("""COMPUTED_VALUE"""),"Robu-1824982") -> Robu-1824982
E61: =IFERROR(__xludf.DUMMYFUNCTION("""COMPUTED_VALUE"""),"PWB for PC Inside Charger with XL4015 buck") -> PWB for PC Inside Charger with XL4015 buck | F61: =IFERROR(__xludf.DUMMYFUNCTION("""COMPUTED_VALUE"""),"PCB-X16-XL4015-CHARGER") -> PCB-X16-XL4015-CHARGER | H61: =IFERROR(__xludf.DUMMYFUNCTION("""COMPUTED_VALUE"""),"Cable - Ultra Flexible - Black 18 AWG") -> Cable - Ultra Flexible - Black 18 AWG | I61: =IFERROR(__xludf.DUMMYFUNCTION("""COMPUTED_VALUE"""),"CAB-SIL-BLACK18AWG") -> CAB-SIL-BLACK18AWG
E62: =IFERROR(__xludf.DUMMYFUNCTION("""COMPUTED_VALUE"""),"PWB for Bathemetry Sensor") -> PWB for Bathemetry Sensor | F62: =IFERROR(__xludf.DUMMYFUNCTION("""COMPUTED_VALUE"""),"PCB-BATHEMETRY") -> PCB-BATHEMETRY | H62: =IFERROR(__xludf.DUMMYFUNCTION("""COMPUTED_VALUE"""),"Cable - Ultra Flexible - Red 18 AWG") -> Cable - Ultra Flexible - Red 18 AWG | I62: =IFERROR(__xludf.DUMMYFUNCTION("""COMPUTED_VALUE"""),"CAB-SIL-RED18AWG") -> CAB-SIL-RED18AWG
E63: =IFERROR(__xludf.DUMMYFUNCTION("""COMPUTED_VALUE"""),"General PCB 6x4") -> General PCB 6x4 | F63: =IFERROR(__xludf.DUMMYFUNCTION("""COMPUTED_VALUE"""),"PCB-GEN6x4-P2054") -> PCB-GEN6x4-P2054 | H63: =IFERROR(__xludf.DUMMYFUNCTION("""COMPUTED_VALUE"""),"Cable - Ultra Flexible - Green 18 AWG") -> Cable - Ultra Flexible - Green 18 AWG | I63: =IFERROR(__xludf.DUMMYFUNCTION("""COMPUTED_VALUE"""),"CAB-SIL-GREEN18AWG") -> CAB-SIL-GREEN18AWG
E64: =IFERROR(__xludf.DUMMYFUNCTION("""COMPUTED_VALUE"""),"General PCB 4X4") -> General PCB 4X4 | F64: =IFERROR(__xludf.DUMMYFUNCTION("""COMPUTED_VALUE"""),"PCB-GEN4x4-P2054") -> PCB-GEN4x4-P2054 | H64: =IFERROR(__xludf.DUMMYFUNCTION("""COMPUTED_VALUE"""),"Cable - Ultra Flexible - Black 20 AWG") -> Cable - Ultra Flexible - Black 20 AWG | I64: =IFERROR(__xludf.DUMMYFUNCTION("""COMPUTED_VALUE"""),"CAB-SIL-BLACK20AWG") -> CAB-SIL-BLACK20AWG | J64: =IFERROR(__xludf.DUMMYFUNCTION("""COMPUTED_VALUE"""),"Robu-1824989") -> Robu-1824989
E65: =IFERROR(__xludf.DUMMYFUNCTION("""COMPUTED_VALUE"""),"PCB of ROHM Buck on Murata Foot Print") -> PCB of ROHM Buck on Murata Foot Print | H65: =IFERROR(__xludf.DUMMYFUNCTION("""COMPUTED_VALUE"""),"Cable - Ultra Flexible - Green 20 AWG") -> Cable - Ultra Flexible - Green 20 AWG | I65: =IFERROR(__xludf.DUMMYFUNCTION("""COMPUTED_VALUE"""),"CAB-SIL-GREEN20AWG") -> CAB-SIL-GREEN20AWG
E66: =IFERROR(__xludf.DUMMYFUNCTION("""COMPUTED_VALUE"""),"PCB of MP9486 on XL7015 FootPrint") -> PCB of MP9486 on XL7015 FootPrint | F66: =IFERROR(__xludf.DUMMYFUNCTION("""COMPUTED_VALUE"""),"PCB-XL7015FOOT-MP9486") -> PCB-XL7015FOOT-MP9486 | H66: =IFERROR(__xludf.DUMMYFUNCTION("""COMPUTED_VALUE"""),"Cable - Ultra Flexible Red 20 AWG") -> Cable - Ultra Flexible Red 20 AWG | I66: =IFERROR(__xludf.DUMMYFUNCTION("""COMPUTED_VALUE"""),"CAB-SIL-RED20AWG") -> CAB-SIL-RED20AWG | J66: =IFERROR(__xludf.DUMMYFUNCTION("""COMPUTED_VALUE"""),"Robu-1824992") -> Robu-1824992
E67: =IFERROR(__xludf.DUMMYFUNCTION("""COMPUTED_VALUE"""),"AMCA Onboard Charging Circuit") -> AMCA Onboard Charging Circuit | F67: =IFERROR(__xludf.DUMMYFUNCTION("""COMPUTED_VALUE"""),"PCB-ONBOARD-CHARGING") -> PCB-ONBOARD-CHARGING | H67: =IFERROR(__xludf.DUMMYFUNCTION("""COMPUTED_VALUE"""),"Cable - Ultra Flexible Blue 20 AWG") -> Cable - Ultra Flexible Blue 20 AWG | I67: =IFERROR(__xludf.DUMMYFUNCTION("""COMPUTED_VALUE"""),"CAB-SIL-BLUE20AWG") -> CAB-SIL-BLUE20AWG | J67: =IFERROR(__xludf.DUMMYFUNCTION("""COMPUTED_VALUE"""),"Robu-1824990") -> Robu-1824990
E68: =IFERROR(__xludf.DUMMYFUNCTION("""COMPUTED_VALUE"""),"SBus Generator Circuit (Tailored Solution)") -> SBus Generator Circuit (Tailored Solution) | F68: =IFERROR(__xludf.DUMMYFUNCTION("""COMPUTED_VALUE"""),"PCB-SBUS-NANO") -> PCB-SBUS-NANO | H68: =IFERROR(__xludf.DUMMYFUNCTION("""COMPUTED_VALUE"""),"Water flow Sensor YFS401") -> Water flow Sensor YFS401 | I68: =IFERROR(__xludf.DUMMYFUNCTION("""COMPUTED_VALUE"""),"SEN-WFL-YFS401v5") -> SEN-WFL-YFS401v5 | J68: =IFERROR(__xludf.DUMMYFUNCTION("""COMPUTED_VALUE"""),"YFS401") -> YFS401
E69: =IFERROR(__xludf.DUMMYFUNCTION("""COMPUTED_VALUE"""),"WCS1700 CT Coil current Sensor") -> WCS1700 CT Coil current Sensor | F69: =IFERROR(__xludf.DUMMYFUNCTION("""COMPUTED_VALUE"""),"SEN-CUR-WCS1700-CTi35") -> SEN-CUR-WCS1700-CTi35 | H69: =IFERROR(__xludf.DUMMYFUNCTION("""COMPUTED_VALUE"""),"Water Pump 550 Diaphragm") -> Water Pump 550 Diaphragm | I69: =IFERROR(__xludf.DUMMYFUNCTION("""COMPUTED_VALUE"""),"ACT-PMP-DIA550") -> ACT-PMP-DIA550 | J69: =IFERROR(__xludf.DUMMYFUNCTION("""COMPUTED_VALUE"""),"550 DIAPHRAGM") -> 550 DIAPHRAGM
E70: =IFERROR(__xludf.DUMMYFUNCTION("""COMPUTED_VALUE"""),"21700 Cell Holder 1x3 21.2mm bore") -> 21700 Cell Holder 1x3 21.2mm bore | F70: =IFERROR(__xludf.DUMMYFUNCTION("""COMPUTED_VALUE"""),"PWR-CELL-HOLDER-1x3-21700-21.2MM") -> PWR-CELL-HOLDER-1x3-21700-21.2MM | H70: =IFERROR(__xludf.DUMMYFUNCTION("""COMPUTED_VALUE"""),"Battery Indicator - 1S Lipo") -> Battery Indicator - 1S Lipo | I70: =IFERROR(__xludf.DUMMYFUNCTION("""COMPUTED_VALUE"""),"IND-LIP-1S") -> IND-LIP-1S
E71: =IFERROR(__xludf.DUMMYFUNCTION("""COMPUTED_VALUE"""),"Lithium Ion Battery Block 6X3 with Samsung 50S 21700") -> Lithium Ion Battery Block 6X3 with Samsung 50S 21700 | F71: =IFERROR(__xludf.DUMMYFUNCTION("""COMPUTED_VALUE"""),"PWR-BLK-6x3-50S") -> PWR-BLK-6x3-50S | G71: =IFERROR(__xludf.DUMMYFUNCTION("""COMPUTED_VALUE"""),"50S") -> 50S | H71: =IFERROR(__xludf.DUMMYFUNCTION("""COMPUTED_VALUE"""),"Battery Indicator - 2S Lipo") -> Battery Indicator - 2S Lipo | I71: =IFERROR(__xludf.DUMMYFUNCTION("""COMPUTED_VALUE"""),"IND-LIP-2S") -> IND-LIP-2S
E72: =IFERROR(__xludf.DUMMYFUNCTION("""COMPUTED_VALUE"""),"Lithium Ion Battery Block 6X3 with Samsung 40T 21700") -> Lithium Ion Battery Block 6X3 with Samsung 40T 21700 | F72: =IFERROR(__xludf.DUMMYFUNCTION("""COMPUTED_VALUE"""),"PWR-BLK-6x3-40T") -> PWR-BLK-6x3-40T | G72: =IFERROR(__xludf.DUMMYFUNCTION("""COMPUTED_VALUE"""),"40T") -> 40T | H72: =IFERROR(__xludf.DUMMYFUNCTION("""COMPUTED_VALUE"""),"Lipo Indicator Casings") -> Lipo Indicator Casings | I72: =IFERROR(__xludf.DUMMYFUNCTION("""COMPUTED_VALUE"""),"IND-LIP-CASING") -> IND-LIP-CASING
E73: =IFERROR(__xludf.DUMMYFUNCTION("""COMPUTED_VALUE"""),"Lithium Ion Battery Block 6X3 with Molicel P42A 21700") -> Lithium Ion Battery Block 6X3 with Molicel P42A 21700 | F73: =IFERROR(__xludf.DUMMYFUNCTION("""COMPUTED_VALUE"""),"PWR-BLK-6x3-P42A") -> PWR-BLK-6x3-P42A | G73: =IFERROR(__xludf.DUMMYFUNCTION("""COMPUTED_VALUE"""),"P42A") -> P42A | H73: =IFERROR(__xludf.DUMMYFUNCTION("""COMPUTED_VALUE"""),"Buck Converter Module XL7015 50v") -> Buck Converter Module XL7015 50v | I73: =IFERROR(__xludf.DUMMYFUNCTION("""COMPUTED_VALUE"""),"MOD-BUK-XL7015v80i07") -> MOD-BUK-XL7015v80i07 | J73: =IFERROR(__xludf.DUMMYFUNCTION("""COMPUTED_VALUE"""),"XL7015") -> XL7015
E74: =IFERROR(__xludf.DUMMYFUNCTION("""COMPUTED_VALUE"""),"Lithium Ion Cell Samsung 21700 50S") -> Lithium Ion Cell Samsung 21700 50S | F74: =IFERROR(__xludf.DUMMYFUNCTION("""COMPUTED_VALUE"""),"PWR-BAR-2170-50S") -> PWR-BAR-2170-50S | H74: =IFERROR(__xludf.DUMMYFUNCTION("""COMPUTED_VALUE"""),"Buck Coverter Module LM2596HVS ") -> Buck Coverter Module LM2596HVS | I74: =IFERROR(__xludf.DUMMYFUNCTION("""COMPUTED_VALUE"""),"MOD-BUK-LM2596HVSv48i2") -> MOD-BUK-LM2596HVSv48i2 | J74: =IFERROR(__xludf.DUMMYFUNCTION("""COMPUTED_VALUE"""),"Robu-766328") -> Robu-766328
E75: =IFERROR(__xludf.DUMMYFUNCTION("""COMPUTED_VALUE"""),"Lithium Ion Cell Samsung 21700 40T") -> Lithium Ion Cell Samsung 21700 40T | F75: =IFERROR(__xludf.DUMMYFUNCTION("""COMPUTED_VALUE"""),"PWR-BAR-2170-40T") -> PWR-BAR-2170-40T | H75: =IFERROR(__xludf.DUMMYFUNCTION("""COMPUTED_VALUE"""),"Buck Converter Module XL4005 5A ") -> Buck Converter Module XL4005 5A | I75: =IFERROR(__xludf.DUMMYFUNCTION("""COMPUTED_VALUE"""),"MOD-BUK-XL4005v40i5") -> MOD-BUK-XL4005v40i5 | J75: =IFERROR(__xludf.DUMMYFUNCTION("""COMPUTED_VALUE"""),"XL4015") -> XL4015
E76: =IFERROR(__xludf.DUMMYFUNCTION("""COMPUTED_VALUE"""),"Lithium Ion Cell Molicell 21700 P42A") -> Lithium Ion Cell Molicell 21700 P42A | F76: =IFERROR(__xludf.DUMMYFUNCTION("""COMPUTED_VALUE"""),"PWR-BAR-2170-P42A") -> PWR-BAR-2170-P42A | H76: =IFERROR(__xludf.DUMMYFUNCTION("""COMPUTED_VALUE"""),"Buck Converter Module XL4015 5A ") -> Buck Converter Module XL4015 5A | I76: =IFERROR(__xludf.DUMMYFUNCTION("""COMPUTED_VALUE"""),"MOD-BUK-XL4015v40i5") -> MOD-BUK-XL4015v40i5 | J76: =IFERROR(__xludf.DUMMYFUNCTION("""COMPUTED_VALUE"""),"Robu-1510171") -> Robu-1510171
E77: =IFERROR(__xludf.DUMMYFUNCTION("""COMPUTED_VALUE"""),"Lithium Ion Cell 18650 LG-MJ1") -> Lithium Ion Cell 18650 LG-MJ1 | F77: =IFERROR(__xludf.DUMMYFUNCTION("""COMPUTED_VALUE"""),"PWR-BAR-1865-MJ1") -> PWR-BAR-1865-MJ1 | H77: =IFERROR(__xludf.DUMMYFUNCTION("""COMPUTED_VALUE"""),"Connector - AS150u Female AMASS") -> Connector - AS150u Female AMASS | I77: =IFERROR(__xludf.DUMMYFUNCTION("""COMPUTED_VALUE"""),"CON-BTC-AS150uF") -> CON-BTC-AS150uF | J77: =IFERROR(__xludf.DUMMYFUNCTION("""COMPUTED_VALUE"""),"Robu-1395034") -> Robu-1395034
E78: =IFERROR(__xludf.DUMMYFUNCTION("""COMPUTED_VALUE"""),"Lithium Ion Cell Holder 18650 SMD") -> Lithium Ion Cell Holder 18650 SMD | F78: =IFERROR(__xludf.DUMMYFUNCTION("""COMPUTED_VALUE"""),"PWR-CELL-HOLDER-SMD-18650") -> PWR-CELL-HOLDER-SMD-18650 | H78: =IFERROR(__xludf.DUMMYFUNCTION("""COMPUTED_VALUE"""),"Connector - AS150u Male AMASS ") -> Connector - AS150u Male AMASS | I78: =IFERROR(__xludf.DUMMYFUNCTION("""COMPUTED_VALUE"""),"CON-BTC-AS150uM") -> CON-BTC-AS150uM | J78: =IFERROR(__xludf.DUMMYFUNCTION("""COMPUTED_VALUE"""),"Robu-1432427") -> Robu-1432427
E79: =IFERROR(__xludf.DUMMYFUNCTION("""COMPUTED_VALUE"""),"Cable USB Data & Charging Cable 1m") -> Cable USB Data & Charging Cable 1m | F79: =IFERROR(__xludf.DUMMYFUNCTION("""COMPUTED_VALUE"""),"CAB-USB-1i5M24AWG") -> CAB-USB-1i5M24AWG | H79: =IFERROR(__xludf.DUMMYFUNCTION("""COMPUTED_VALUE"""),"Connector - XT90 Female AMASS") -> Connector - XT90 Female AMASS | I79: =IFERROR(__xludf.DUMMYFUNCTION("""COMPUTED_VALUE"""),"CON-BTC-XT90F") -> CON-BTC-XT90F | J79: =IFERROR(__xludf.DUMMYFUNCTION("""COMPUTED_VALUE"""),"Robu-24729") -> Robu-24729
E80: =IFERROR(__xludf.DUMMYFUNCTION("""COMPUTED_VALUE"""),"Jack - DC 5.5mm Panel Mount") -> Jack - DC 5.5mm Panel Mount | F80: =IFERROR(__xludf.DUMMYFUNCTION("""COMPUTED_VALUE"""),"CON-MIS-DCJACK-PM-505MM") -> CON-MIS-DCJACK-PM-505MM | H80: =IFERROR(__xludf.DUMMYFUNCTION("""COMPUTED_VALUE"""),"Connector - XT90 Male") -> Connector - XT90 Male | I80: =IFERROR(__xludf.DUMMYFUNCTION("""COMPUTED_VALUE"""),"CON-BTC-XT90M") -> CON-BTC-XT90M
E81: =IFERROR(__xludf.DUMMYFUNCTION("""COMPUTED_VALUE"""),"Lead Paste") -> Lead Paste | F81: =IFERROR(__xludf.DUMMYFUNCTION("""COMPUTED_VALUE"""),"SOL-PAS-6040-ROHS") -> SOL-PAS-6040-ROHS | H81: =IFERROR(__xludf.DUMMYFUNCTION("""COMPUTED_VALUE"""),"Connector - XT30 Female AMASS") -> Connector - XT30 Female AMASS | I81: =IFERROR(__xludf.DUMMYFUNCTION("""COMPUTED_VALUE"""),"CON-BTC-XT30F") -> CON-BTC-XT30F | J81: =IFERROR(__xludf.DUMMYFUNCTION("""COMPUTED_VALUE"""),"Robu-875060") -> Robu-875060
E82: =IFERROR(__xludf.DUMMYFUNCTION("""COMPUTED_VALUE"""),"Lead Wire 22AWG") -> Lead Wire 22AWG | F82: =IFERROR(__xludf.DUMMYFUNCTION("""COMPUTED_VALUE"""),"SOL-WIR-6040-ROHS-22AWG") -> SOL-WIR-6040-ROHS-22AWG | H82: =IFERROR(__xludf.DUMMYFUNCTION("""COMPUTED_VALUE"""),"Connector - XT30 Male AMASS") -> Connector - XT30 Male AMASS | I82: =IFERROR(__xludf.DUMMYFUNCTION("""COMPUTED_VALUE"""),"CON-BTC-XT30M") -> CON-BTC-XT30M | J82: =IFERROR(__xludf.DUMMYFUNCTION("""COMPUTED_VALUE"""),"Robu-875061") -> Robu-875061
E83: =IFERROR(__xludf.DUMMYFUNCTION("""COMPUTED_VALUE"""),"Voltage Regulator 3.3v SOT-223-4") -> Voltage Regulator 3.3v SOT-223-4 | F83: =IFERROR(__xludf.DUMMYFUNCTION("""COMPUTED_VALUE"""),"SIC-REG-AMS1117-33v") -> SIC-REG-AMS1117-33v | G83: =IFERROR(__xludf.DUMMYFUNCTION("""COMPUTED_VALUE"""),"LD1117S33CTR") -> LD1117S33CTR | H83: =IFERROR(__xludf.DUMMYFUNCTION("""COMPUTED_VALUE"""),"Connector - XT60 Female AMASS") -> Connector - XT60 Female AMASS | I83: =IFERROR(__xludf.DUMMYFUNCTION("""COMPUTED_VALUE"""),"CON-BTC-XT60F") -> CON-BTC-XT60F
E84: =IFERROR(__xludf.DUMMYFUNCTION("""COMPUTED_VALUE"""),"Heat Sink Pad 2mm Thickness") -> Heat Sink Pad 2mm Thickness | F84: =IFERROR(__xludf.DUMMYFUNCTION("""COMPUTED_VALUE"""),"HET-PAD-SIL-2MM-1W") -> HET-PAD-SIL-2MM-1W | G84: =IFERROR(__xludf.DUMMYFUNCTION("""COMPUTED_VALUE"""),"MPGCS-020-150-1.0AA") -> MPGCS-020-150-1.0AA | H84: =IFERROR(__xludf.DUMMYFUNCTION("""COMPUTED_VALUE"""),"Connector - XT60 Male AMASS") -> Connector - XT60 Male AMASS | I84: =IFERROR(__xludf.DUMMYFUNCTION("""COMPUTED_VALUE"""),"CON-BTC-XT60M") -> CON-BTC-XT60M
E85: =IFERROR(__xludf.DUMMYFUNCTION("""COMPUTED_VALUE"""),"Heat Sink Pad 1mm Thickness") -> Heat Sink Pad 1mm Thickness | F85: =IFERROR(__xludf.DUMMYFUNCTION("""COMPUTED_VALUE"""),"HET-PAD-SIL-1MM-1W") -> HET-PAD-SIL-1MM-1W | G85: =IFERROR(__xludf.DUMMYFUNCTION("""COMPUTED_VALUE"""),"MPGCS-020-150-1.0AA") -> MPGCS-020-150-1.0AA | H85: =IFERROR(__xludf.DUMMYFUNCTION("""COMPUTED_VALUE"""),"Connector - MT30 Female") -> Connector - MT30 Female | I85: =IFERROR(__xludf.DUMMYFUNCTION("""COMPUTED_VALUE"""),"CON-BTC-MT30F") -> CON-BTC-MT30F
E86: =IFERROR(__xludf.DUMMYFUNCTION("""COMPUTED_VALUE"""),"Comparator IC - LM358DT SMD") -> Comparator IC - LM358DT SMD | F86: =IFERROR(__xludf.DUMMYFUNCTION("""COMPUTED_VALUE"""),"SIC-COM-LM358DT") -> SIC-COM-LM358DT | G86: =IFERROR(__xludf.DUMMYFUNCTION("""COMPUTED_VALUE"""),"LM358DT") -> LM358DT | H86: =IFERROR(__xludf.DUMMYFUNCTION("""COMPUTED_VALUE"""),"Converter AC/DC - 24v ") -> Converter AC/DC - 24v | I86: =IFERROR(__xludf.DUMMYFUNCTION("""COMPUTED_VALUE"""),"MOD-HLK-W20v24i08") -> MOD-HLK-W20v24i08 | J86: =IFERROR(__xludf.DUMMYFUNCTION("""COMPUTED_VALUE"""),"HLK-20M24") -> HLK-20M24
E87: =IFERROR(__xludf.DUMMYFUNCTION("""COMPUTED_VALUE"""),"Capacitor 0.1uF 0805") -> Capacitor 0.1uF 0805 | F87: =IFERROR(__xludf.DUMMYFUNCTION("""COMPUTED_VALUE"""),"CAP-SMD-0805-100V10P-0D1uF") -> CAP-SMD-0805-100V10P-0D1uF | G87: =IFERROR(__xludf.DUMMYFUNCTION("""COMPUTED_VALUE"""),"0805B104K101CT") -> 0805B104K101CT | H87: =IFERROR(__xludf.DUMMYFUNCTION("""COMPUTED_VALUE"""),"Momentary Switch JCB") -> Momentary Switch JCB | I87: =IFERROR(__xludf.DUMMYFUNCTION("""COMPUTED_VALUE"""),"SWI-PUS-MS16MM-PM-16MM") -> SWI-PUS-MS16MM-PM-16MM
E88: =IFERROR(__xludf.DUMMYFUNCTION("""COMPUTED_VALUE"""),"Capacitor 0.01uF 0805") -> Capacitor 0.01uF 0805 | F88: =IFERROR(__xludf.DUMMYFUNCTION("""COMPUTED_VALUE"""),"CAP-SMD-0805-100V10P-0D01uF") -> CAP-SMD-0805-100V10P-0D01uF | G88: =IFERROR(__xludf.DUMMYFUNCTION("""COMPUTED_VALUE"""),"C0805C103K1RACTU") -> C0805C103K1RACTU | H88: =IFERROR(__xludf.DUMMYFUNCTION("""COMPUTED_VALUE"""),"Latching Power Switch JCB") -> Latching Power Switch JCB | I88: =IFERROR(__xludf.DUMMYFUNCTION("""COMPUTED_VALUE"""),"SWI-PUS-LS16MM-PM-16MM") -> SWI-PUS-LS16MM-PM-16MM
E89: =IFERROR(__xludf.DUMMYFUNCTION("""COMPUTED_VALUE"""),"LED 0805 SMD") -> LED 0805 SMD | F89: =IFERROR(__xludf.DUMMYFUNCTION("""COMPUTED_VALUE"""),"IND-SMD-2D2v-RED") -> IND-SMD-2D2v-RED | G89: =IFERROR(__xludf.DUMMYFUNCTION("""COMPUTED_VALUE"""),"KPTD-2012LVSURCK") -> KPTD-2012LVSURCK | H89: =IFERROR(__xludf.DUMMYFUNCTION("""COMPUTED_VALUE"""),"PCB for IFU") -> PCB for IFU | I89: =IFERROR(__xludf.DUMMYFUNCTION("""COMPUTED_VALUE"""),"PCB-IFU") -> PCB-IFU
E90: =IFERROR(__xludf.DUMMYFUNCTION("""COMPUTED_VALUE"""),"SSR-SPDT - TS5A3157DBVR") -> SSR-SPDT - TS5A3157DBVR | F90: =IFERROR(__xludf.DUMMYFUNCTION("""COMPUTED_VALUE"""),"SIC-SSR-TS5A3157DBVR") -> SIC-SSR-TS5A3157DBVR | G90: =IFERROR(__xludf.DUMMYFUNCTION("""COMPUTED_VALUE"""),"TS5A3157DBVR") -> TS5A3157DBVR | H90: =IFERROR(__xludf.DUMMYFUNCTION("""COMPUTED_VALUE"""),"PCB for JCB") -> PCB for JCB | I90: =IFERROR(__xludf.DUMMYFUNCTION("""COMPUTED_VALUE"""),"PCB-AMCA") -> PCB-AMCA
E91: =IFERROR(__xludf.DUMMYFUNCTION("""COMPUTED_VALUE"""),"Tactile Switch for IFU four leg") -> Tactile Switch for IFU four leg | F91: =IFERROR(__xludf.DUMMYFUNCTION("""COMPUTED_VALUE"""),"SWI-PUS-THT-4LEG") -> SWI-PUS-THT-4LEG | G91: =IFERROR(__xludf.DUMMYFUNCTION("""COMPUTED_VALUE"""),"KSR231G LFS") -> KSR231G LFS | H91: =IFERROR(__xludf.DUMMYFUNCTION("""COMPUTED_VALUE"""),"PCB of STBD flash light") -> PCB of STBD flash light | I91: =IFERROR(__xludf.DUMMYFUNCTION("""COMPUTED_VALUE"""),"PCB-STBD-FLASH") -> PCB-STBD-FLASH
E92: =IFERROR(__xludf.DUMMYFUNCTION("""COMPUTED_VALUE"""),"LM2596HVS-ADJ Buck only IC") -> LM2596HVS-ADJ Buck only IC | F92: =IFERROR(__xludf.DUMMYFUNCTION("""COMPUTED_VALUE"""),"SIC-BUK-LM2596HVS-ADJ-50v3A") -> SIC-BUK-LM2596HVS-ADJ-50v3A | G92: =IFERROR(__xludf.DUMMYFUNCTION("""COMPUTED_VALUE"""),"LM2596HVS-ADJ") -> LM2596HVS-ADJ | H92: =IFERROR(__xludf.DUMMYFUNCTION("""COMPUTED_VALUE"""),"PCB of PORT flash light") -> PCB of PORT flash light | I92: =IFERROR(__xludf.DUMMYFUNCTION("""COMPUTED_VALUE"""),"PCB-PORT-FLASH") -> PCB-PORT-FLASH
E93: =IFERROR(__xludf.DUMMYFUNCTION("""COMPUTED_VALUE"""),"MP9486AGN-Z 100v Buck converter IC") -> MP9486AGN-Z 100v Buck converter IC | F93: =IFERROR(__xludf.DUMMYFUNCTION("""COMPUTED_VALUE"""),"SIC-BUK-MP9486AGN-Z-100v1A") -> SIC-BUK-MP9486AGN-Z-100v1A | G93: =IFERROR(__xludf.DUMMYFUNCTION("""COMPUTED_VALUE"""),"MP9486AGN-Z") -> MP9486AGN-Z | H93: =IFERROR(__xludf.DUMMYFUNCTION("""COMPUTED_VALUE"""),"PCB of A4 Motherboard/A42 Motherboard") -> PCB of A4 Motherboard/A42 Motherboard | I93: =IFERROR(__xludf.DUMMYFUNCTION("""COMPUTED_VALUE"""),"PCB-A4MEGA328P-MUR") -> PCB-A4MEGA328P-MUR
E94: =IFERROR(__xludf.DUMMYFUNCTION("""COMPUTED_VALUE"""),"12v Fixed Buck 18-75 In MultiCom Pro") -> 12v Fixed Buck 18-75 In MultiCom Pro | F94: =IFERROR(__xludf.DUMMYFUNCTION("""COMPUTED_VALUE"""),"DCC-BUK-MPRB4812LD-30W-v12i2D5") -> DCC-BUK-MPRB4812LD-30W-v12i2D5 | G94: =IFERROR(__xludf.DUMMYFUNCTION("""COMPUTED_VALUE"""),"MPRB4812LD-30W") -> MPRB4812LD-30W | H94: =IFERROR(__xludf.DUMMYFUNCTION("""COMPUTED_VALUE"""),"PCB of Current Sensor") -> PCB of Current Sensor | I94: =IFERROR(__xludf.DUMMYFUNCTION("""COMPUTED_VALUE"""),"PCB-CUR-SENSOR") -> PCB-CUR-SENSOR
E95: =IFERROR(__xludf.DUMMYFUNCTION("""COMPUTED_VALUE"""),"5v Fixed Buck 18-75 In MultiCom Pro") -> 5v Fixed Buck 18-75 In MultiCom Pro | F95: =IFERROR(__xludf.DUMMYFUNCTION("""COMPUTED_VALUE"""),"DCC-BUK-MPRB4812LD-30W-v5i6") -> DCC-BUK-MPRB4812LD-30W-v5i6 | G95: =IFERROR(__xludf.DUMMYFUNCTION("""COMPUTED_VALUE"""),"MPRB4805LD-30W") -> MPRB4805LD-30W | H95: =IFERROR(__xludf.DUMMYFUNCTION("""COMPUTED_VALUE"""),"PWB of Button -2") -> PWB of Button -2 | I95: =IFERROR(__xludf.DUMMYFUNCTION("""COMPUTED_VALUE"""),"PCB-QX7-BUTTON") -> PCB-QX7-BUTTON
E96: =IFERROR(__xludf.DUMMYFUNCTION("""COMPUTED_VALUE"""),"1N4148 SMD") -> 1N4148 SMD | F96: =IFERROR(__xludf.DUMMYFUNCTION("""COMPUTED_VALUE"""),"SIC-DIO-1N4148-100V1A") -> SIC-DIO-1N4148-100V1A | G96: =IFERROR(__xludf.DUMMYFUNCTION("""COMPUTED_VALUE"""),"1N4148W-7-F") -> 1N4148W-7-F | H96: =IFERROR(__xludf.DUMMYFUNCTION("""COMPUTED_VALUE"""),"PWB for PC Inside Charger with XL4015 buck") -> PWB for PC Inside Charger with XL4015 buck | I96: =IFERROR(__xludf.DUMMYFUNCTION("""COMPUTED_VALUE"""),"PCB-X16-XL4015-CHARGER") -> PCB-X16-XL4015-CHARGER
E97: =IFERROR(__xludf.DUMMYFUNCTION("""COMPUTED_VALUE"""),"18pF 0805 capacitor") -> 18pF 0805 capacitor | F97: =IFERROR(__xludf.DUMMYFUNCTION("""COMPUTED_VALUE"""),"CAP-SMD-0805-50V5P-18pF") -> CAP-SMD-0805-50V5P-18pF | G97: =IFERROR(__xludf.DUMMYFUNCTION("""COMPUTED_VALUE"""),"MC0805N180J500CT") -> MC0805N180J500CT | H97: =IFERROR(__xludf.DUMMYFUNCTION("""COMPUTED_VALUE"""),"PWB for Bathemetry Sensor") -> PWB for Bathemetry Sensor | I97: =IFERROR(__xludf.DUMMYFUNCTION("""COMPUTED_VALUE"""),"PCB-BATHEMETRY") -> PCB-BATHEMETRY
E98: =IFERROR(__xludf.DUMMYFUNCTION("""COMPUTED_VALUE"""),"10uF 0805 capacitor") -> 10uF 0805 capacitor | F98: =IFERROR(__xludf.DUMMYFUNCTION("""COMPUTED_VALUE"""),"CAP-SMD-0805-16V10P-10uF") -> CAP-SMD-0805-16V10P-10uF | H98: =IFERROR(__xludf.DUMMYFUNCTION("""COMPUTED_VALUE"""),"General PCB 6x4") -> General PCB 6x4 | I98: =IFERROR(__xludf.DUMMYFUNCTION("""COMPUTED_VALUE"""),"PCB-GEN6x4-P2054") -> PCB-GEN6x4-P2054
E99: =IFERROR(__xludf.DUMMYFUNCTION("""COMPUTED_VALUE"""),"10uF 10v Tantalum Capacitor Case A") -> 10uF 10v Tantalum Capacitor Case A | F99: =IFERROR(__xludf.DUMMYFUNCTION("""COMPUTED_VALUE"""),"CAP-SMD-TANTA-10V10P-10UF") -> CAP-SMD-TANTA-10V10P-10UF | G99: =IFERROR(__xludf.DUMMYFUNCTION("""COMPUTED_VALUE"""),"T491A106K010AT") -> T491A106K010AT | H99: =IFERROR(__xludf.DUMMYFUNCTION("""COMPUTED_VALUE"""),"General PCB 4X4") -> General PCB 4X4 | I99: =IFERROR(__xludf.DUMMYFUNCTION("""COMPUTED_VALUE"""),"PCB-GEN4x4-P2054") -> PCB-GEN4x4-P2054
E100: =IFERROR(__xludf.DUMMYFUNCTION("""COMPUTED_VALUE"""),"1k 0805 Resistor") -> 1k 0805 Resistor | F100: =IFERROR(__xludf.DUMMYFUNCTION("""COMPUTED_VALUE"""),"RES-SMD-0805-125mW5P-1k") -> RES-SMD-0805-125mW5P-1k | G100: =IFERROR(__xludf.DUMMYFUNCTION("""COMPUTED_VALUE"""),"ERA6AEB102V (to be modified)") -> ERA6AEB102V (to be modified) | H100: =IFERROR(__xludf.DUMMYFUNCTION("""COMPUTED_VALUE"""),"PCB of ROHM Buck on Murata Foot Print") -> PCB of ROHM Buck on Murata Foot Print
...

Sheet CombineFG
A1: SL | B1: SEMI FINISHED GOODS | C1: PART NUMBER | D1: UoM | E1: RAW MATERIAL | F1: PART NUMBER 2 | G1: UoM 2 | H1: COMBINE
B2: =IFERROR(__xludf.DUMMYFUNCTION("FILTER(FG!B3:D1999,FG!B3:B1999<>"""")"),"Saif Seas Life - DSR") -> Saif Seas Life - DSR | D2: =IFERROR(__xludf.DUMMYFUNCTION("""COMPUTED_VALUE"""),"Number") -> Number | E2: =IFERROR(__xludf.DUMMYFUNCTION("FILTER(RM!$C$4:$F1999,RM!$C$4:$C1999<>"""")"),"#REF!") -> #REF! | H2: =IFERROR(__xludf.DUMMYFUNCTION("{FILTER($B$2:$D1999,$B$2:$B1999<>"""");FILTER($E$2:$G1999,$E$2:$E1999<>"""")}"),"#VALUE!") -> #VALUE!

Sheet Help
A1: Sheet Name | B1: Description | C1: Details of the sheet / Data to be Filled | D1: Inventory Calculations
A2: Data | B2: Backend Default data | C2: List of Suppliers, Unit of Measurement names, Category, sub category names | D2: -
A3: RM | B3: Raw Material Log | C3: Names and other details of raw materials | D3: -
A4: FG | B4: Finished Goods Log | C4: Names and other details of Finished Goods | D4: -
A5: S-FG | B5: Semi-Finished Goods Log | C5: Names and other details of Semi-Finished Goods | D5: -
A6: S-BOM | B6: Sub-Assembly Bill of Material Log | C6: Link all raw materials to semi finished assemblies (Sub assemblies) | D6: -
A7: A-BOM | B7: Assembly Bill of Material Log | C7: Link all raw materials or semi finished assemblies to their finished goods (Final assemblies) | D7: -
A8: PR-BOM | B8: Project Bill of Material | C8: Link all raw materials or final assemblies for a particular project | D8: -
A9: Issue | B9: Issue Log | C9: List of all material / assemblies issued against a project (moved to site) | D9: Item quantity will get deducted from stock in hand
A10: GRN | B10: Goods Received Log | C10: List of all raw material received. | D10: Item quantity will get added to stock in hand
A11: PO | B11: Purchase Log | C11: List of all raw material ordered. | D11: Item quantity will get added to "Pending" column
A12: MRP | B12: Material Requirement Planning | C12: Report which lists all the raw material requirement after taking into consideration the stock in hand and pending orders. | D12: -
A13: Projects | B13: Projects Log | C13: Names and other details of all projects | D13: -
A14: Parts List | C14: Report to display parts required for a Final Assembly | D14: -
A15: Project Parts List | C15: Report to display parts required for a particular Project | D15: -
A16: S-Parts List | B16: Sub Assembly Parts List | C16: Report to display parts required for a Sub-Assembly | D16: -
A17: Where Used | B17: Where is this raw material part is used? | C17: Shows a list of final assemblies and sub-assemblies where a particular raw material part is used. | D17: -
A18: Inv | B18: Inventory Management Sheet

Sheet Parts List
A1: ASSEMBLY BOM LIST (Query) | C1: REQUIRED
A2: PRODUCT | B2: Saif Seas Life - DSR | C2: 10
A3: SL NO | B3: RAW MATERIAL NAME | C3: UNITS | D3: UoM | E3: AVAILABLE NOW | F3: REQUIRED | G3: TO BE ORDERED | H3: PDF | I3: DXF
A4: =IF(B4="","", ROW()-3) -> 1 | B4: Jet Motor Assy | C4: =IF(B4="","",SUMIFS('A-BOM'!$D$3:$D993,'A-BOM'!$C$3:$C993,B4,'A-BOM'!$B$3:$B993,$B$2)) -> 2 | D4: =IFERROR(IF(B4="","",VLOOKUP(B4,RM!$C$4:$F983,3,FALSE)),"") | E4: {=_xludf.IFNA(IF(B4="","",VLOOKUP(B4,RM!$C$4:$G983,14,FALSE)),IFERROR(MIN(IF('S-BOM'!$B$3:$B993=$B4,'S-BOM'!$H$3:$H993,"")),""))} -> #NAME? | F4: =IF(B4="","",$C$2*C4) -> 20 | G4: =IF(B4="","",IF(E4>F4,0,F4-E4)) -> #NAME?
A5: =IF(B5="","", ROW()-3) -> 2 | B5: Power Switch Assy | C5: =IF(B5="","",SUMIFS('A-BOM'!$D$3:$D993,'A-BOM'!$C$3:$C993,B5,'A-BOM'!$B$3:$B993,$B$2)) -> 1 | D5: =IFERROR(IF(B5="","",VLOOKUP(B5,RM!$C$4:$F983,3,FALSE)),"") | E5: {=_xludf.IFNA(IF(B5="","",VLOOKUP(B5,RM!$C$4:$G983,14,FALSE)),IFERROR(MIN(IF('S-BOM'!$B$3:$B993=$B5,'S-BOM'!$H$3:$H993,"")),""))} -> #NAME? | F5: =IF(B5="","",$C$2*C5) -> 10 | G5: =IF(B5="","",IF(E5>F5,0,F5-E5)) -> #NAME?
A6: =IF(B6="","", ROW()-3) -> 3 | B6: Charging Panel Mount Assy | C6: =IF(B6="","",SUMIFS('A-BOM'!$D$3:$D993,'A-BOM'!$C$3:$C993,B6,'A-BOM'!$B$3:$B993,$B$2)) -> 0 | D6: =IFERROR(IF(B6="","",VLOOKUP(B6,RM!$C$4:$F983,3,FALSE)),"") | E6: {=_xludf.IFNA(IF(B6="","",VLOOKUP(B6,RM!$C$4:$G983,14,FALSE)),IFERROR(MIN(IF('S-BOM'!$B$3:$B993=$B6,'S-BOM'!$H$3:$H993,"")),""))} -> #NAME? | F6: =IF(B6="","",$C$2*C6) -> 0 | G6: =IF(B6="","",IF(E6>F6,0,F6-E6)) -> #NAME?
A7: =IF(B7="","", ROW()-3) -> 4 | B7: STBD Signal PM Assy | C7: =IF(B7="","",SUMIFS('A-BOM'!$D$3:$D993,'A-BOM'!$C$3:$C993,B7,'A-BOM'!$B$3:$B993,$B$2)) -> 1 | D7: =IFERROR(IF(B7="","",VLOOKUP(B7,RM!$C$4:$F983,3,FALSE)),"") | E7: {=_xludf.IFNA(IF(B7="","",VLOOKUP(B7,RM!$C$4:$G983,14,FALSE)),IFERROR(MIN(IF('S-BOM'!$B$3:$B993=$B7,'S-BOM'!$H$3:$H993,"")),""))} -> #NAME? | F7: =IF(B7="","",$C$2*C7) -> 10 | G7: =IF(B7="","",IF(E7>F7,0,F7-E7)) -> #NAME?
A8: =IF(B8="","", ROW()-3) -> 5 | B8: PORT Signal PM Assy | C8: =IF(B8="","",SUMIFS('A-BOM'!$D$3:$D993,'A-BOM'!$C$3:$C993,B8,'A-BOM'!$B$3:$B993,$B$2)) -> 1 | D8: =IFERROR(IF(B8="","",VLOOKUP(B8,RM!$C$4:$F983,3,FALSE)),"") | E8: {=_xludf.IFNA(IF(B8="","",VLOOKUP(B8,RM!$C$4:$G983,14,FALSE)),IFERROR(MIN(IF('S-BOM'!$B$3:$B993=$B8,'S-BOM'!$H$3:$H993,"")),""))} -> #NAME? | F8: =IF(B8="","",$C$2*C8) -> 10 | G8: =IF(B8="","",IF(E8>F8,0,F8-E8)) -> #NAME?
A9: =IF(B9="","", ROW()-3) -> 6 | B9: STBD Signal CM Assy | C9: =IF(B9="","",SUMIFS('A-BOM'!$D$3:$D993,'A-BOM'!$C$3:$C993,B9,'A-BOM'!$B$3:$B993,$B$2)) -> 0 | D9: =IFERROR(IF(B9="","",VLOOKUP(B9,RM!$C$4:$F983,3,FALSE)),"") | E9: {=_xludf.IFNA(IF(B9="","",VLOOKUP(B9,RM!$C$4:$G983,14,FALSE)),IFERROR(MIN(IF('S-BOM'!$B$3:$B993=$B9,'S-BOM'!$H$3:$H993,"")),""))} -> #NAME? | F9: =IF(B9="","",$C$2*C9) -> 0 | G9: =IF(B9="","",IF(E9>F9,0,F9-E9)) -> #NAME?
A10: =IF(B10="","", ROW()-3) -> 7 | B10: PORT Signal CM Assy | C10: =IF(B10="","",SUMIFS('A-BOM'!$D$3:$D993,'A-BOM'!$C$3:$C993,B10,'A-BOM'!$B$3:$B993,$B$2)) -> 1 | D10: =IFERROR(IF(B10="","",VLOOKUP(B10,RM!$C$4:$F983,3,FALSE)),"") | E10: {=_xludf.IFNA(IF(B10="","",VLOOKUP(B10,RM!$C$4:$G983,14,FALSE)),IFERROR(MIN(IF('S-BOM'!$B$3:$B993=$B10,'S-BOM'!$H$3:$H993,"")),""))} -> #NAME? | F10: =IF(B10="","",$C$2*C10) -> 10 | G10: =IF(B10="","",IF(E10>F10,0,F10-E10)) -> #NAME?
A11: =IF(B11="","", ROW()-3) -> 8 | B11: Current Sensor Assy | C11: =IF(B11="","",SUMIFS('A-BOM'!$D$3:$D993,'A-BOM'!$C$3:$C993,B11,'A-BOM'!$B$3:$B993,$B$2)) -> 1 | D11: =IFERROR(IF(B11="","",VLOOKUP(B11,RM!$C$4:$F983,3,FALSE)),"") -> 15 | E11: {=_xludf.IFNA(IF(B11="","",VLOOKUP(B11,RM!$C$4:$G983,14,FALSE)),IFERROR(MIN(IF('S-BOM'!$B$3:$B993=$B11,'S-BOM'!$H$3:$H993,"")),""))} -> #NAME? | F11: =IF(B11="","",$C$2*C11) -> 10 | G11: =IF(B11="","",IF(E11>F11,0,F11-E11)) -> #NAME?
